cond,qid,stage,type,abstained,answer,correct,faithful,finish_reason,gold_rank,hit@1,hit@10,hit@3,hit@5,mrr@1,mrr@10,mrr@3,mrr@5,ndcg@1,ndcg@10,ndcg@3,ndcg@5,rationale,recall@1,recall@10,recall@3,recall@5
C1,ts001,S2,single,,,,,,1,1.0,1.0,1.0,1.0,1.0,1.0,1.0,1.0,1.0,0.7903864795495061,0.6131471927654584,0.6131471927654584,,1.0,1.0,1.0,1.0
C1,ts002,S2,single,,,,,,,0.0,0.0,0.0,0.0,0.0,0.0,0.0,0.0,0.0,0.0,0.0,0.0,,0.0,0.0,0.0,0.0
C1,ts003,S2,single,,,,,,1,1.0,1.0,1.0,1.0,1.0,1.0,1.0,1.0,1.0,0.6131471927654584,0.6131471927654584,0.6131471927654584,,1.0,1.0,1.0,1.0
C1,ts004,S2,single,,,,,,10,0.0,1.0,0.0,0.0,0.0,0.1,0.0,0.0,0.0,0.2890648263178879,0.0,0.0,,0.0,1.0,0.0,0.0
C1,ts005,S2,single,,,,,,1,1.0,1.0,1.0,1.0,1.0,1.0,1.0,1.0,1.0,1.0,1.0,1.0,,1.0,1.0,1.0,1.0
C1,ts006,S2,single,,,,,,2,0.0,1.0,1.0,1.0,0.0,0.5,0.5,0.5,0.0,0.6309297535714575,0.6309297535714575,0.6309297535714575,,0.0,1.0,1.0,1.0
C1,ts007,S2,single,,,,,,1,1.0,1.0,1.0,1.0,1.0,1.0,1.0,1.0,1.0,1.0,1.0,1.0,,1.0,1.0,1.0,1.0
C1,ts008,S2,single,,,,,,3,0.0,1.0,1.0,1.0,0.0,0.3333333333333333,0.3333333333333333,0.3333333333333333,0.0,0.3065735963827292,0.3065735963827292,0.3065735963827292,,0.0,1.0,1.0,1.0
C1,ts009,S2,single,,,,,,,0.0,0.0,0.0,0.0,0.0,0.0,0.0,0.0,0.0,0.0,0.0,0.0,,0.0,0.0,0.0,0.0
C1,ts010,S2,single,,,,,,,0.0,0.0,0.0,0.0,0.0,0.0,0.0,0.0,0.0,0.0,0.0,0.0,,0.0,0.0,0.0,0.0
C1,ts011,S2,single,,,,,,,0.0,0.0,0.0,0.0,0.0,0.0,0.0,0.0,0.0,0.0,0.0,0.0,,0.0,0.0,0.0,0.0
C1,ts012,S2,single,,,,,,1,1.0,1.0,1.0,1.0,1.0,1.0,1.0,1.0,1.0,1.0,1.0,1.0,,1.0,1.0,1.0,1.0
C1,ts013,S2,single,,,,,,6,0.0,1.0,0.0,0.0,0.0,0.16666666666666666,0.0,0.0,0.0,0.21840743681816419,0.0,0.0,,0.0,1.0,0.0,0.0
C1,ts014,S2,single,,,,,,7,0.0,1.0,0.0,0.0,0.0,0.14285714285714285,0.0,0.0,0.0,0.3333333333333333,0.0,0.0,,0.0,1.0,0.0,0.0
C1,ts015,S2,single,,,,,,1,1.0,1.0,1.0,1.0,1.0,1.0,1.0,1.0,1.0,0.8175295903539445,0.6131471927654584,0.6131471927654584,,1.0,1.0,1.0,1.0
C1,ts016,S2,single,,,,,,8,0.0,1.0,0.0,0.0,0.0,0.125,0.0,0.0,0.0,0.31546487678572877,0.0,0.0,,0.0,1.0,0.0,0.0
C1,ts017,S2,single,,,,,,2,0.0,1.0,1.0,1.0,0.0,0.5,0.5,0.5,0.0,0.38685280723454163,0.38685280723454163,0.38685280723454163,,0.0,1.0,1.0,1.0
C1,ts018,S2,single,,,,,,3,0.0,1.0,1.0,1.0,0.0,0.3333333333333333,0.3333333333333333,0.3333333333333333,0.0,0.3065735963827292,0.3065735963827292,0.3065735963827292,,0.0,1.0,1.0,1.0
C1,ts019,S2,single,,,,,,,0.0,0.0,0.0,0.0,0.0,0.0,0.0,0.0,0.0,0.0,0.0,0.0,,0.0,0.0,0.0,0.0
C1,ts020,S2,single,,,,,,1,1.0,1.0,1.0,1.0,1.0,1.0,1.0,1.0,1.0,1.0,1.0,1.0,,1.0,1.0,1.0,1.0
C1,ts021,S2,single,,,,,,4,0.0,1.0,0.0,1.0,0.0,0.25,0.0,0.25,0.0,0.43067655807339306,0.0,0.43067655807339306,,0.0,1.0,0.0,1.0
C1,ts022,S2,single,,,,,,1,1.0,1.0,1.0,1.0,1.0,1.0,1.0,1.0,1.0,0.6131471927654584,0.6131471927654584,0.6131471927654584,,1.0,1.0,1.0,1.0
C1,ts023,S2,single,,,,,,6,0.0,1.0,0.0,0.0,0.0,0.16666666666666666,0.0,0.0,0.0,0.3562071871080222,0.0,0.0,,0.0,1.0,0.0,0.0
C1,ts024,S2,single,,,,,,,0.0,0.0,0.0,0.0,0.0,0.0,0.0,0.0,0.0,0.0,0.0,0.0,,0.0,0.0,0.0,0.0
C1,ts025,S2,single,,,,,,,0.0,0.0,0.0,0.0,0.0,0.0,0.0,0.0,0.0,0.0,0.0,0.0,,0.0,0.0,0.0,0.0
C1,ts026,S2,single,,,,,,10,0.0,1.0,0.0,0.0,0.0,0.1,0.0,0.0,0.0,0.2890648263178879,0.0,0.0,,0.0,1.0,0.0,0.0
C1,ts027,S2,single,,,,,,1,1.0,1.0,1.0,1.0,1.0,1.0,1.0,1.0,1.0,1.0,1.0,1.0,,1.0,1.0,1.0,1.0
C1,ts028,S2,single,,,,,,,0.0,0.0,0.0,0.0,0.0,0.0,0.0,0.0,0.0,0.0,0.0,0.0,,0.0,0.0,0.0,0.0
C1,ts029,S2,single,,,,,,1,1.0,1.0,1.0,1.0,1.0,1.0,1.0,1.0,1.0,1.0,1.0,1.0,,1.0,1.0,1.0,1.0
C1,ts030,S2,single,,,,,,6,0.0,1.0,0.0,0.0,0.0,0.16666666666666666,0.0,0.0,0.0,0.3562071871080222,0.0,0.0,,0.0,1.0,0.0,0.0
C1,ts031,S2,single,,,,,,1,1.0,1.0,1.0,1.0,1.0,1.0,1.0,1.0,1.0,1.0,1.0,1.0,,1.0,1.0,1.0,1.0
C1,ts032,S2,single,,,,,,3,0.0,1.0,1.0,1.0,0.0,0.3333333333333333,0.3333333333333333,0.3333333333333333,0.0,0.5,0.5,0.5,,0.0,1.0,1.0,1.0
C1,ts033,S2,single,,,,,,5,0.0,1.0,0.0,1.0,0.0,0.2,0.0,0.2,0.0,0.23719771276929622,0.0,0.23719771276929622,,0.0,1.0,0.0,1.0
C1,ts034,S2,single,,,,,,4,0.0,1.0,0.0,1.0,0.0,0.25,0.0,0.25,0.0,0.43067655807339306,0.0,0.43067655807339306,,0.0,1.0,0.0,1.0
C1,ts035,S2,single,,,,,,1,1.0,1.0,1.0,1.0,1.0,1.0,1.0,1.0,1.0,1.0,1.0,1.0,,1.0,1.0,1.0,1.0
C1,ts036,S2,single,,,,,,2,0.0,1.0,1.0,1.0,0.0,0.5,0.5,0.5,0.0,0.6309297535714575,0.6309297535714575,0.6309297535714575,,0.0,1.0,1.0,1.0
C1,ts037,S2,single,,,,,,,0.0,0.0,0.0,0.0,0.0,0.0,0.0,0.0,0.0,0.0,0.0,0.0,,0.0,0.0,0.0,0.0
C1,ts038,S2,single,,,,,,,0.0,0.0,0.0,0.0,0.0,0.0,0.0,0.0,0.0,0.0,0.0,0.0,,0.0,0.0,0.0,0.0
C1,ts039,S2,single,,,,,,1,1.0,1.0,1.0,1.0,1.0,1.0,1.0,1.0,1.0,1.0,1.0,1.0,,1.0,1.0,1.0,1.0
C1,ts040,S2,single,,,,,,1,1.0,1.0,1.0,1.0,1.0,1.0,1.0,1.0,1.0,0.6131471927654584,0.6131471927654584,0.6131471927654584,,1.0,1.0,1.0,1.0
C1,ts041,S2,single,,,,,,1,1.0,1.0,1.0,1.0,1.0,1.0,1.0,1.0,1.0,0.8503449055347546,0.6131471927654584,0.8503449055347546,,1.0,1.0,1.0,1.0
C1,ts042,S2,single,,,,,,7,0.0,1.0,0.0,0.0,0.0,0.14285714285714285,0.0,0.0,0.0,0.3333333333333333,0.0,0.0,,0.0,1.0,0.0,0.0
C1,ts043,S2,single,,,,,,,0.0,0.0,0.0,0.0,0.0,0.0,0.0,0.0,0.0,0.0,0.0,0.0,,0.0,0.0,0.0,0.0
C1,ts044,S2,single,,,,,,,0.0,0.0,0.0,0.0,0.0,0.0,0.0,0.0,0.0,0.0,0.0,0.0,,0.0,0.0,0.0,0.0
C1,ts045,S2,single,,,,,,2,0.0,1.0,1.0,1.0,0.0,0.5,0.5,0.5,0.0,0.6309297535714575,0.6309297535714575,0.6309297535714575,,0.0,1.0,1.0,1.0
C1,ts046,S2,single,,,,,,1,1.0,1.0,1.0,1.0,1.0,1.0,1.0,1.0,1.0,1.0,1.0,1.0,,1.0,1.0,1.0,1.0
C1,ts047,S2,single,,,,,,8,0.0,1.0,0.0,0.0,0.0,0.125,0.0,0.0,0.0,0.31546487678572877,0.0,0.0,,0.0,1.0,0.0,0.0
C1,ts048,S2,single,,,,,,1,1.0,1.0,1.0,1.0,1.0,1.0,1.0,1.0,1.0,1.0,1.0,1.0,,1.0,1.0,1.0,1.0
C1,ts049,S2,single,,,,,,1,1.0,1.0,1.0,1.0,1.0,1.0,1.0,1.0,1.0,0.6131471927654584,0.6131471927654584,0.6131471927654584,,1.0,1.0,1.0,1.0
C1,ts050,S2,single,,,,,,1,1.0,1.0,1.0,1.0,1.0,1.0,1.0,1.0,1.0,1.0,1.0,1.0,,1.0,1.0,1.0,1.0
C1,ts051,S2,single,,,,,,,0.0,0.0,0.0,0.0,0.0,0.0,0.0,0.0,0.0,0.0,0.0,0.0,,0.0,0.0,0.0,0.0
C1,ts052,S2,single,,,,,,,0.0,0.0,0.0,0.0,0.0,0.0,0.0,0.0,0.0,0.0,0.0,0.0,,0.0,0.0,0.0,0.0
C1,ts053,S2,single,,,,,,,0.0,0.0,0.0,0.0,0.0,0.0,0.0,0.0,0.0,0.0,0.0,0.0,,0.0,0.0,0.0,0.0
C1,ts054,S2,single,,,,,,,0.0,0.0,0.0,0.0,0.0,0.0,0.0,0.0,0.0,0.0,0.0,0.0,,0.0,0.0,0.0,0.0
C1,ts055,S2,single,,,,,,2,0.0,1.0,1.0,1.0,0.0,0.5,0.5,0.5,0.0,0.6309297535714575,0.6309297535714575,0.6309297535714575,,0.0,1.0,1.0,1.0
C1,ts056,S2,single,,,,,,1,1.0,1.0,1.0,1.0,1.0,1.0,1.0,1.0,1.0,1.0,1.0,1.0,,1.0,1.0,1.0,1.0
C1,ts057,S2,single,,,,,,1,1.0,1.0,1.0,1.0,1.0,1.0,1.0,1.0,1.0,1.0,1.0,1.0,,1.0,1.0,1.0,1.0
C1,ts058,S2,single,,,,,,5,0.0,1.0,0.0,1.0,0.0,0.2,0.0,0.2,0.0,0.38685280723454163,0.0,0.38685280723454163,,0.0,1.0,0.0,1.0
C1,ts059,S2,single,,,,,,5,0.0,1.0,0.0,1.0,0.0,0.2,0.0,0.2,0.0,0.38685280723454163,0.0,0.38685280723454163,,0.0,1.0,0.0,1.0
C1,ts060,S2,single,,,,,,1,1.0,1.0,1.0,1.0,1.0,1.0,1.0,1.0,1.0,1.0,1.0,1.0,,1.0,1.0,1.0,1.0
C1,ts061,S2,single,,,,,,,0.0,0.0,0.0,0.0,0.0,0.0,0.0,0.0,0.0,0.0,0.0,0.0,,0.0,0.0,0.0,0.0
C1,ts062,S2,single,,,,,,2,0.0,1.0,1.0,1.0,0.0,0.5,0.5,0.5,0.0,0.6309297535714575,0.6309297535714575,0.6309297535714575,,0.0,1.0,1.0,1.0
C1,ts063,S2,single,,,,,,8,0.0,1.0,0.0,0.0,0.0,0.125,0.0,0.0,0.0,0.31546487678572877,0.0,0.0,,0.0,1.0,0.0,0.0
C1,ts064,S2,single,,,,,,1,1.0,1.0,1.0,1.0,1.0,1.0,1.0,1.0,1.0,1.0,1.0,1.0,,1.0,1.0,1.0,1.0
C1,ts065,S2,single,,,,,,1,1.0,1.0,1.0,1.0,1.0,1.0,1.0,1.0,1.0,1.0,1.0,1.0,,1.0,1.0,1.0,1.0
C1,ts066,S2,single,,,,,,3,0.0,1.0,1.0,1.0,0.0,0.3333333333333333,0.3333333333333333,0.3333333333333333,0.0,0.5,0.5,0.5,,0.0,1.0,1.0,1.0
C1,ts067,S2,single,,,,,,,0.0,0.0,0.0,0.0,0.0,0.0,0.0,0.0,0.0,0.0,0.0,0.0,,0.0,0.0,0.0,0.0
C1,ts068,S2,single,,,,,,1,1.0,1.0,1.0,1.0,1.0,1.0,1.0,1.0,1.0,1.0,1.0,1.0,,1.0,1.0,1.0,1.0
C1,ts069,S2,single,,,,,,2,0.0,1.0,1.0,1.0,0.0,0.5,0.5,0.5,0.0,0.6309297535714575,0.6309297535714575,0.6309297535714575,,0.0,1.0,1.0,1.0
C1,ts070,S2,single,,,,,,,0.0,0.0,0.0,0.0,0.0,0.0,0.0,0.0,0.0,0.0,0.0,0.0,,0.0,0.0,0.0,0.0
C1,ts071,S2,single,,,,,,1,1.0,1.0,1.0,1.0,1.0,1.0,1.0,1.0,1.0,1.0,1.0,1.0,,1.0,1.0,1.0,1.0
C1,ts072,S2,single,,,,,,1,1.0,1.0,1.0,1.0,1.0,1.0,1.0,1.0,1.0,0.9197207891481876,0.9197207891481876,0.9197207891481876,,1.0,1.0,1.0,1.0
C1,ts073,S2,single,,,,,,,0.0,0.0,0.0,0.0,0.0,0.0,0.0,0.0,0.0,0.0,0.0,0.0,,0.0,0.0,0.0,0.0
C1,ts074,S2,single,,,,,,,0.0,0.0,0.0,0.0,0.0,0.0,0.0,0.0,0.0,0.0,0.0,0.0,,0.0,0.0,0.0,0.0
C1,ts075,S2,single,,,,,,2,0.0,1.0,1.0,1.0,0.0,0.5,0.5,0.5,0.0,0.6309297535714575,0.6309297535714575,0.6309297535714575,,0.0,1.0,1.0,1.0
C1,ts076,S2,single,,,,,,3,0.0,1.0,1.0,1.0,0.0,0.3333333333333333,0.3333333333333333,0.3333333333333333,0.0,0.5,0.5,0.5,,0.0,1.0,1.0,1.0
C1,ts077,S2,single,,,,,,,0.0,0.0,0.0,0.0,0.0,0.0,0.0,0.0,0.0,0.0,0.0,0.0,,0.0,0.0,0.0,0.0
C1,ts078,S2,single,,,,,,,0.0,0.0,0.0,0.0,0.0,0.0,0.0,0.0,0.0,0.0,0.0,0.0,,0.0,0.0,0.0,0.0
C1,ts079,S2,single,,,,,,1,1.0,1.0,1.0,1.0,1.0,1.0,1.0,1.0,1.0,1.0,1.0,1.0,,1.0,1.0,1.0,1.0
C1,ts080,S2,single,,,,,,2,0.0,1.0,1.0,1.0,0.0,0.5,0.5,0.5,0.0,0.6309297535714575,0.6309297535714575,0.6309297535714575,,0.0,1.0,1.0,1.0
C1,ts081,S2,single,,,,,,,0.0,0.0,0.0,0.0,0.0,0.0,0.0,0.0,0.0,0.0,0.0,0.0,,0.0,0.0,0.0,0.0
C1,ts082,S2,single,,,,,,2,0.0,1.0,1.0,1.0,0.0,0.5,0.5,0.5,0.0,0.6309297535714575,0.6309297535714575,0.6309297535714575,,0.0,1.0,1.0,1.0
C1,ts083,S2,single,,,,,,1,1.0,1.0,1.0,1.0,1.0,1.0,1.0,1.0,1.0,0.6131471927654584,0.6131471927654584,0.6131471927654584,,1.0,1.0,1.0,1.0
C1,ts084,S2,single,,,,,,1,1.0,1.0,1.0,1.0,1.0,1.0,1.0,1.0,1.0,0.6131471927654584,0.6131471927654584,0.6131471927654584,,1.0,1.0,1.0,1.0
C1,ts085,S2,single,,,,,,2,0.0,1.0,1.0,1.0,0.0,0.5,0.5,0.5,0.0,0.6309297535714575,0.6309297535714575,0.6309297535714575,,0.0,1.0,1.0,1.0
C1,ts086,S2,single,,,,,,1,1.0,1.0,1.0,1.0,1.0,1.0,1.0,1.0,1.0,0.8772153153380493,0.6131471927654584,0.8772153153380493,,1.0,1.0,1.0,1.0
C1,ts087,S2,single,,,,,,,0.0,0.0,0.0,0.0,0.0,0.0,0.0,0.0,0.0,0.0,0.0,0.0,,0.0,0.0,0.0,0.0
C1,ts088,S2,single,,,,,,,0.0,0.0,0.0,0.0,0.0,0.0,0.0,0.0,0.0,0.0,0.0,0.0,,0.0,0.0,0.0,0.0
C1,ts089,S2,single,,,,,,3,0.0,1.0,1.0,1.0,0.0,0.3333333333333333,0.3333333333333333,0.3333333333333333,0.0,0.5,0.5,0.5,,0.0,1.0,1.0,1.0
C1,ts090,S2,single,,,,,,1,1.0,1.0,1.0,1.0,1.0,1.0,1.0,1.0,1.0,1.0,1.0,1.0,,1.0,1.0,1.0,1.0
C1,ts091,S2,single,,,,,,1,1.0,1.0,1.0,1.0,1.0,1.0,1.0,1.0,1.0,1.0,1.0,1.0,,1.0,1.0,1.0,1.0
C1,ts092,S2,single,,,,,,1,1.0,1.0,1.0,1.0,1.0,1.0,1.0,1.0,1.0,1.0,1.0,1.0,,1.0,1.0,1.0,1.0
C1,ts093,S2,single,,,,,,1,1.0,1.0,1.0,1.0,1.0,1.0,1.0,1.0,1.0,1.0,1.0,1.0,,1.0,1.0,1.0,1.0
C1,ts094,S2,single,,,,,,,0.0,0.0,0.0,0.0,0.0,0.0,0.0,0.0,0.0,0.0,0.0,0.0,,0.0,0.0,0.0,0.0
C1,ts095,S2,single,,,,,,,0.0,0.0,0.0,0.0,0.0,0.0,0.0,0.0,0.0,0.0,0.0,0.0,,0.0,0.0,0.0,0.0
C1,ts096,S2,single,,,,,,1,1.0,1.0,1.0,1.0,1.0,1.0,1.0,1.0,1.0,1.0,1.0,1.0,,1.0,1.0,1.0,1.0
C1,ts097,S2,single,,,,,,3,0.0,1.0,1.0,1.0,0.0,0.3333333333333333,0.3333333333333333,0.3333333333333333,0.0,0.5,0.5,0.5,,0.0,1.0,1.0,1.0
C1,ts098,S2,single,,,,,,,0.0,0.0,0.0,0.0,0.0,0.0,0.0,0.0,0.0,0.0,0.0,0.0,,0.0,0.0,0.0,0.0
C1,ts099,S2,single,,,,,,5,0.0,1.0,0.0,1.0,0.0,0.2,0.0,0.2,0.0,0.38685280723454163,0.0,0.38685280723454163,,0.0,1.0,0.0,1.0
C1,ts100,S2,single,,,,,,2,0.0,1.0,1.0,1.0,0.0,0.5,0.5,0.5,0.0,0.38685280723454163,0.38685280723454163,0.38685280723454163,,0.0,1.0,1.0,1.0
C1,tm001,S2,multi,,,,,,,0.0,0.0,0.0,0.0,0.0,0.0,0.0,0.0,0.0,0.0,0.0,0.0,,0.0,0.0,0.0,0.0
C1,tm002,S2,multi,,,,,,,0.0,0.0,0.0,0.0,0.0,0.0,0.0,0.0,0.0,0.0,0.0,0.0,,0.0,0.0,0.0,0.0
C1,tm003,S2,multi,,,,,,1,0.0,0.0,0.0,0.0,1.0,1.0,1.0,1.0,1.0,0.6131471927654584,0.6131471927654584,0.6131471927654584,,0.5,0.5,0.5,0.5
C1,tm004,S2,multi,,,,,,,0.0,0.0,0.0,0.0,0.0,0.0,0.0,0.0,0.0,0.0,0.0,0.0,,0.0,0.0,0.0,0.0
C1,tm005,S2,multi,,,,,,,0.0,0.0,0.0,0.0,0.0,0.0,0.0,0.0,0.0,0.0,0.0,0.0,,0.0,0.0,0.0,0.0
C1,tm006,S2,multi,,,,,,2,0.0,1.0,0.0,0.0,0.0,0.5,0.5,0.5,0.0,0.6052602440527057,0.38685280723454163,0.38685280723454163,,0.0,1.0,0.5,0.5
C1,tm007,S2,multi,,,,,,5,0.0,0.0,0.0,0.0,0.0,0.2,0.0,0.2,0.0,0.18154179253735267,0.0,0.18154179253735267,,0.0,0.5,0.0,0.5
C1,tm008,S2,multi,,,,,,1,0.0,1.0,0.0,1.0,1.0,1.0,1.0,1.0,1.0,0.8503449055347546,0.6131471927654584,0.8503449055347546,,0.5,1.0,0.5,1.0
C1,tm009,S2,multi,,,,,,3,0.0,1.0,0.0,0.0,0.0,0.3333333333333333,0.3333333333333333,0.3333333333333333,0.0,0.4911492931622974,0.3065735963827292,0.3065735963827292,,0.0,1.0,0.5,0.5
C1,tm010,S2,multi,,,,,,,0.0,0.0,0.0,0.0,0.0,0.0,0.0,0.0,0.0,0.0,0.0,0.0,,0.0,0.0,0.0,0.0
C1,tm011,S2,multi,,,,,,6,0.0,0.0,0.0,0.0,0.0,0.16666666666666666,0.0,0.0,0.0,0.16716045496620227,0.0,0.0,,0.0,0.5,0.0,0.0
C1,tm012,S2,multi,,,,,,8,0.0,1.0,0.0,0.0,0.0,0.125,0.0,0.0,0.0,0.2893079283427616,0.0,0.0,,0.0,1.0,0.0,0.0
C1,tm013,S2,multi,,,,,,1,0.0,0.0,0.0,0.0,1.0,1.0,1.0,1.0,1.0,0.6131471927654584,0.6131471927654584,0.6131471927654584,,0.5,0.5,0.5,0.5
C1,tm014,S2,multi,,,,,,1,0.0,1.0,0.0,0.0,1.0,1.0,1.0,1.0,1.0,0.6257049680303419,0.46927872602275644,0.46927872602275644,,0.5,1.0,0.5,0.5
C1,tm015,S2,multi,,,,,,,0.0,0.0,0.0,0.0,0.0,0.0,0.0,0.0,0.0,0.0,0.0,0.0,,0.0,0.0,0.0,0.0
C1,tm016,S2,multi,,,,,,,0.0,0.0,0.0,0.0,0.0,0.0,0.0,0.0,0.0,0.0,0.0,0.0,,0.0,0.0,0.0,0.0
C1,tm017,S2,multi,,,,,,2,0.0,0.0,0.0,0.0,0.0,0.5,0.5,0.5,0.0,0.38685280723454163,0.38685280723454163,0.38685280723454163,,0.0,0.5,0.5,0.5
C1,tm018,S2,multi,,,,,,1,0.0,0.0,0.0,0.0,1.0,1.0,1.0,1.0,1.0,0.46927872602275644,0.46927872602275644,0.46927872602275644,,0.5,0.5,0.5,0.5
C1,tm019,S2,multi,,,,,,1,0.0,0.0,0.0,0.0,1.0,1.0,1.0,1.0,1.0,0.7039180890341347,0.7039180890341347,0.7039180890341347,,0.5,0.5,0.5,0.5
C1,tm020,S2,multi,,,,,,,0.0,0.0,0.0,0.0,0.0,0.0,0.0,0.0,0.0,0.0,0.0,0.0,,0.0,0.0,0.0,0.0
C2,ts001,S2,single,,,,,,2,0.0,1.0,1.0,1.0,0.0,0.5,0.5,0.5,0.0,0.5640920940185894,0.38685280723454163,0.38685280723454163,,0.0,1.0,1.0,1.0
C2,ts002,S2,single,,,,,,10,0.0,1.0,0.0,0.0,0.0,0.1,0.0,0.0,0.0,0.2890648263178879,0.0,0.0,,0.0,1.0,0.0,0.0
C2,ts003,S2,single,,,,,,1,1.0,1.0,1.0,1.0,1.0,1.0,1.0,1.0,1.0,0.6131471927654584,0.6131471927654584,0.6131471927654584,,1.0,1.0,1.0,1.0
C2,ts004,S2,single,,,,,,1,1.0,1.0,1.0,1.0,1.0,1.0,1.0,1.0,1.0,1.0,1.0,1.0,,1.0,1.0,1.0,1.0
C2,ts005,S2,single,,,,,,1,1.0,1.0,1.0,1.0,1.0,1.0,1.0,1.0,1.0,1.0,1.0,1.0,,1.0,1.0,1.0,1.0
C2,ts006,S2,single,,,,,,1,1.0,1.0,1.0,1.0,1.0,1.0,1.0,1.0,1.0,1.0,1.0,1.0,,1.0,1.0,1.0,1.0
C2,ts007,S2,single,,,,,,1,1.0,1.0,1.0,1.0,1.0,1.0,1.0,1.0,1.0,1.0,1.0,1.0,,1.0,1.0,1.0,1.0
C2,ts008,S2,single,,,,,,1,1.0,1.0,1.0,1.0,1.0,1.0,1.0,1.0,1.0,0.6131471927654584,0.6131471927654584,0.6131471927654584,,1.0,1.0,1.0,1.0
C2,ts009,S2,single,,,,,,,0.0,0.0,0.0,0.0,0.0,0.0,0.0,0.0,0.0,0.0,0.0,0.0,,0.0,0.0,0.0,0.0
C2,ts010,S2,single,,,,,,3,0.0,1.0,1.0,1.0,0.0,0.3333333333333333,0.3333333333333333,0.3333333333333333,0.0,0.3065735963827292,0.3065735963827292,0.3065735963827292,,0.0,1.0,1.0,1.0
C2,ts011,S2,single,,,,,,,0.0,0.0,0.0,0.0,0.0,0.0,0.0,0.0,0.0,0.0,0.0,0.0,,0.0,0.0,0.0,0.0
C2,ts012,S2,single,,,,,,2,0.0,1.0,1.0,1.0,0.0,0.5,0.5,0.5,0.0,0.6309297535714575,0.6309297535714575,0.6309297535714575,,0.0,1.0,1.0,1.0
C2,ts013,S2,single,,,,,,1,1.0,1.0,1.0,1.0,1.0,1.0,1.0,1.0,1.0,0.6131471927654584,0.6131471927654584,0.6131471927654584,,1.0,1.0,1.0,1.0
C2,ts014,S2,single,,,,,,1,1.0,1.0,1.0,1.0,1.0,1.0,1.0,1.0,1.0,1.0,1.0,1.0,,1.0,1.0,1.0,1.0
C2,ts015,S2,single,,,,,,1,1.0,1.0,1.0,1.0,1.0,1.0,1.0,1.0,1.0,0.8315546295836225,0.6131471927654584,0.6131471927654584,,1.0,1.0,1.0,1.0
C2,ts016,S2,single,,,,,,1,1.0,1.0,1.0,1.0,1.0,1.0,1.0,1.0,1.0,1.0,1.0,1.0,,1.0,1.0,1.0,1.0
C2,ts017,S2,single,,,,,,1,1.0,1.0,1.0,1.0,1.0,1.0,1.0,1.0,1.0,0.6131471927654584,0.6131471927654584,0.6131471927654584,,1.0,1.0,1.0,1.0
C2,ts018,S2,single,,,,,,1,1.0,1.0,1.0,1.0,1.0,1.0,1.0,1.0,1.0,0.6131471927654584,0.6131471927654584,0.6131471927654584,,1.0,1.0,1.0,1.0
C2,ts019,S2,single,,,,,,,0.0,0.0,0.0,0.0,0.0,0.0,0.0,0.0,0.0,0.0,0.0,0.0,,0.0,0.0,0.0,0.0
C2,ts020,S2,single,,,,,,1,1.0,1.0,1.0,1.0,1.0,1.0,1.0,1.0,1.0,1.0,1.0,1.0,,1.0,1.0,1.0,1.0
C2,ts021,S2,single,,,,,,4,0.0,1.0,0.0,1.0,0.0,0.25,0.0,0.25,0.0,0.43067655807339306,0.0,0.43067655807339306,,0.0,1.0,0.0,1.0
C2,ts022,S2,single,,,,,,1,1.0,1.0,1.0,1.0,1.0,1.0,1.0,1.0,1.0,0.6131471927654584,0.6131471927654584,0.6131471927654584,,1.0,1.0,1.0,1.0
C2,ts023,S2,single,,,,,,1,1.0,1.0,1.0,1.0,1.0,1.0,1.0,1.0,1.0,1.0,1.0,1.0,,1.0,1.0,1.0,1.0
C2,ts024,S2,single,,,,,,1,1.0,1.0,1.0,1.0,1.0,1.0,1.0,1.0,1.0,1.0,1.0,1.0,,1.0,1.0,1.0,1.0
C2,ts025,S2,single,,,,,,,0.0,0.0,0.0,0.0,0.0,0.0,0.0,0.0,0.0,0.0,0.0,0.0,,0.0,0.0,0.0,0.0
C2,ts026,S2,single,,,,,,10,0.0,1.0,0.0,0.0,0.0,0.1,0.0,0.0,0.0,0.2890648263178879,0.0,0.0,,0.0,1.0,0.0,0.0
C2,ts027,S2,single,,,,,,1,1.0,1.0,1.0,1.0,1.0,1.0,1.0,1.0,1.0,1.0,1.0,1.0,,1.0,1.0,1.0,1.0
C2,ts028,S2,single,,,,,,4,0.0,1.0,0.0,1.0,0.0,0.25,0.0,0.25,0.0,0.43067655807339306,0.0,0.43067655807339306,,0.0,1.0,0.0,1.0
C2,ts029,S2,single,,,,,,1,1.0,1.0,1.0,1.0,1.0,1.0,1.0,1.0,1.0,1.0,1.0,1.0,,1.0,1.0,1.0,1.0
C2,ts030,S2,single,,,,,,1,1.0,1.0,1.0,1.0,1.0,1.0,1.0,1.0,1.0,1.0,1.0,1.0,,1.0,1.0,1.0,1.0
C2,ts031,S2,single,,,,,,1,1.0,1.0,1.0,1.0,1.0,1.0,1.0,1.0,1.0,1.0,1.0,1.0,,1.0,1.0,1.0,1.0
C2,ts032,S2,single,,,,,,1,1.0,1.0,1.0,1.0,1.0,1.0,1.0,1.0,1.0,1.0,1.0,1.0,,1.0,1.0,1.0,1.0
C2,ts033,S2,single,,,,,,4,0.0,1.0,0.0,1.0,0.0,0.25,0.0,0.25,0.0,0.2640681225725909,0.0,0.2640681225725909,,0.0,1.0,0.0,1.0
C2,ts034,S2,single,,,,,,5,0.0,1.0,0.0,1.0,0.0,0.2,0.0,0.2,0.0,0.38685280723454163,0.0,0.38685280723454163,,0.0,1.0,0.0,1.0
C2,ts035,S2,single,,,,,,1,1.0,1.0,1.0,1.0,1.0,1.0,1.0,1.0,1.0,1.0,1.0,1.0,,1.0,1.0,1.0,1.0
C2,ts036,S2,single,,,,,,1,1.0,1.0,1.0,1.0,1.0,1.0,1.0,1.0,1.0,1.0,1.0,1.0,,1.0,1.0,1.0,1.0
C2,ts037,S2,single,,,,,,1,1.0,1.0,1.0,1.0,1.0,1.0,1.0,1.0,1.0,1.0,1.0,1.0,,1.0,1.0,1.0,1.0
C2,ts038,S2,single,,,,,,1,1.0,1.0,1.0,1.0,1.0,1.0,1.0,1.0,1.0,1.0,1.0,1.0,,1.0,1.0,1.0,1.0
C2,ts039,S2,single,,,,,,1,1.0,1.0,1.0,1.0,1.0,1.0,1.0,1.0,1.0,1.0,1.0,1.0,,1.0,1.0,1.0,1.0
C2,ts040,S2,single,,,,,,1,1.0,1.0,1.0,1.0,1.0,1.0,1.0,1.0,1.0,0.6131471927654584,0.6131471927654584,0.6131471927654584,,1.0,1.0,1.0,1.0
C2,ts041,S2,single,,,,,,1,1.0,1.0,1.0,1.0,1.0,1.0,1.0,1.0,1.0,1.0,1.0,1.0,,1.0,1.0,1.0,1.0
C2,ts042,S2,single,,,,,,9,0.0,1.0,0.0,0.0,0.0,0.1111111111111111,0.0,0.0,0.0,0.3010299956639812,0.0,0.0,,0.0,1.0,0.0,0.0
C2,ts043,S2,single,,,,,,,0.0,0.0,0.0,0.0,0.0,0.0,0.0,0.0,0.0,0.0,0.0,0.0,,0.0,0.0,0.0,0.0
C2,ts044,S2,single,,,,,,,0.0,0.0,0.0,0.0,0.0,0.0,0.0,0.0,0.0,0.0,0.0,0.0,,0.0,0.0,0.0,0.0
C2,ts045,S2,single,,,,,,1,1.0,1.0,1.0,1.0,1.0,1.0,1.0,1.0,1.0,1.0,1.0,1.0,,1.0,1.0,1.0,1.0
C2,ts046,S2,single,,,,,,1,1.0,1.0,1.0,1.0,1.0,1.0,1.0,1.0,1.0,1.0,1.0,1.0,,1.0,1.0,1.0,1.0
C2,ts047,S2,single,,,,,,1,1.0,1.0,1.0,1.0,1.0,1.0,1.0,1.0,1.0,1.0,1.0,1.0,,1.0,1.0,1.0,1.0
C2,ts048,S2,single,,,,,,1,1.0,1.0,1.0,1.0,1.0,1.0,1.0,1.0,1.0,1.0,1.0,1.0,,1.0,1.0,1.0,1.0
C2,ts049,S2,single,,,,,,1,1.0,1.0,1.0,1.0,1.0,1.0,1.0,1.0,1.0,0.8315546295836225,0.6131471927654584,0.6131471927654584,,1.0,1.0,1.0,1.0
C2,ts050,S2,single,,,,,,1,1.0,1.0,1.0,1.0,1.0,1.0,1.0,1.0,1.0,1.0,1.0,1.0,,1.0,1.0,1.0,1.0
C2,ts051,S2,single,,,,,,,0.0,0.0,0.0,0.0,0.0,0.0,0.0,0.0,0.0,0.0,0.0,0.0,,0.0,0.0,0.0,0.0
C2,ts052,S2,single,,,,,,1,1.0,1.0,1.0,1.0,1.0,1.0,1.0,1.0,1.0,1.0,1.0,1.0,,1.0,1.0,1.0,1.0
C2,ts053,S2,single,,,,,,,0.0,0.0,0.0,0.0,0.0,0.0,0.0,0.0,0.0,0.0,0.0,0.0,,0.0,0.0,0.0,0.0
C2,ts054,S2,single,,,,,,1,1.0,1.0,1.0,1.0,1.0,1.0,1.0,1.0,1.0,1.0,1.0,1.0,,1.0,1.0,1.0,1.0
C2,ts055,S2,single,,,,,,1,1.0,1.0,1.0,1.0,1.0,1.0,1.0,1.0,1.0,1.0,1.0,1.0,,1.0,1.0,1.0,1.0
C2,ts056,S2,single,,,,,,2,0.0,1.0,1.0,1.0,0.0,0.5,0.5,0.5,0.0,0.6309297535714575,0.6309297535714575,0.6309297535714575,,0.0,1.0,1.0,1.0
C2,ts057,S2,single,,,,,,1,1.0,1.0,1.0,1.0,1.0,1.0,1.0,1.0,1.0,0.8772153153380493,0.6131471927654584,0.8772153153380493,,1.0,1.0,1.0,1.0
C2,ts058,S2,single,,,,,,1,1.0,1.0,1.0,1.0,1.0,1.0,1.0,1.0,1.0,1.0,1.0,1.0,,1.0,1.0,1.0,1.0
C2,ts059,S2,single,,,,,,10,0.0,1.0,0.0,0.0,0.0,0.1,0.0,0.0,0.0,0.2890648263178879,0.0,0.0,,0.0,1.0,0.0,0.0
C2,ts060,S2,single,,,,,,1,1.0,1.0,1.0,1.0,1.0,1.0,1.0,1.0,1.0,1.0,1.0,1.0,,1.0,1.0,1.0,1.0
C2,ts061,S2,single,,,,,,,0.0,0.0,0.0,0.0,0.0,0.0,0.0,0.0,0.0,0.0,0.0,0.0,,0.0,0.0,0.0,0.0
C2,ts062,S2,single,,,,,,1,1.0,1.0,1.0,1.0,1.0,1.0,1.0,1.0,1.0,1.0,1.0,1.0,,1.0,1.0,1.0,1.0
C2,ts063,S2,single,,,,,,7,0.0,1.0,0.0,0.0,0.0,0.14285714285714285,0.0,0.0,0.0,0.3333333333333333,0.0,0.0,,0.0,1.0,0.0,0.0
C2,ts064,S2,single,,,,,,1,1.0,1.0,1.0,1.0,1.0,1.0,1.0,1.0,1.0,1.0,1.0,1.0,,1.0,1.0,1.0,1.0
C2,ts065,S2,single,,,,,,1,1.0,1.0,1.0,1.0,1.0,1.0,1.0,1.0,1.0,1.0,1.0,1.0,,1.0,1.0,1.0,1.0
C2,ts066,S2,single,,,,,,,0.0,0.0,0.0,0.0,0.0,0.0,0.0,0.0,0.0,0.0,0.0,0.0,,0.0,0.0,0.0,0.0
C2,ts067,S2,single,,,,,,10,0.0,1.0,0.0,0.0,0.0,0.1,0.0,0.0,0.0,0.2890648263178879,0.0,0.0,,0.0,1.0,0.0,0.0
C2,ts068,S2,single,,,,,,1,1.0,1.0,1.0,1.0,1.0,1.0,1.0,1.0,1.0,1.0,1.0,1.0,,1.0,1.0,1.0,1.0
C2,ts069,S2,single,,,,,,10,0.0,1.0,0.0,0.0,0.0,0.1,0.0,0.0,0.0,0.2890648263178879,0.0,0.0,,0.0,1.0,0.0,0.0
C2,ts070,S2,single,,,,,,1,1.0,1.0,1.0,1.0,1.0,1.0,1.0,1.0,1.0,1.0,1.0,1.0,,1.0,1.0,1.0,1.0
C2,ts071,S2,single,,,,,,1,1.0,1.0,1.0,1.0,1.0,1.0,1.0,1.0,1.0,1.0,1.0,1.0,,1.0,1.0,1.0,1.0
C2,ts072,S2,single,,,,,,1,1.0,1.0,1.0,1.0,1.0,1.0,1.0,1.0,1.0,0.8315546295836225,0.6131471927654584,0.6131471927654584,,1.0,1.0,1.0,1.0
C2,ts073,S2,single,,,,,,2,0.0,1.0,1.0,1.0,0.0,0.5,0.5,0.5,0.0,0.6309297535714575,0.6309297535714575,0.6309297535714575,,0.0,1.0,1.0,1.0
C2,ts074,S2,single,,,,,,,0.0,0.0,0.0,0.0,0.0,0.0,0.0,0.0,0.0,0.0,0.0,0.0,,0.0,0.0,0.0,0.0
C2,ts075,S2,single,,,,,,,0.0,0.0,0.0,0.0,0.0,0.0,0.0,0.0,0.0,0.0,0.0,0.0,,0.0,0.0,0.0,0.0
C2,ts076,S2,single,,,,,,3,0.0,1.0,1.0,1.0,0.0,0.3333333333333333,0.3333333333333333,0.3333333333333333,0.0,0.5,0.5,0.5,,0.0,1.0,1.0,1.0
C2,ts077,S2,single,,,,,,,0.0,0.0,0.0,0.0,0.0,0.0,0.0,0.0,0.0,0.0,0.0,0.0,,0.0,0.0,0.0,0.0
C2,ts078,S2,single,,,,,,,0.0,0.0,0.0,0.0,0.0,0.0,0.0,0.0,0.0,0.0,0.0,0.0,,0.0,0.0,0.0,0.0
C2,ts079,S2,single,,,,,,1,1.0,1.0,1.0,1.0,1.0,1.0,1.0,1.0,1.0,1.0,1.0,1.0,,1.0,1.0,1.0,1.0
C2,ts080,S2,single,,,,,,3,0.0,1.0,1.0,1.0,0.0,0.3333333333333333,0.3333333333333333,0.3333333333333333,0.0,0.5,0.5,0.5,,0.0,1.0,1.0,1.0
C2,ts081,S2,single,,,,,,,0.0,0.0,0.0,0.0,0.0,0.0,0.0,0.0,0.0,0.0,0.0,0.0,,0.0,0.0,0.0,0.0
C2,ts082,S2,single,,,,,,2,0.0,1.0,1.0,1.0,0.0,0.5,0.5,0.5,0.0,0.6309297535714575,0.6309297535714575,0.6309297535714575,,0.0,1.0,1.0,1.0
C2,ts083,S2,single,,,,,,1,1.0,1.0,1.0,1.0,1.0,1.0,1.0,1.0,1.0,0.6131471927654584,0.6131471927654584,0.6131471927654584,,1.0,1.0,1.0,1.0
C2,ts084,S2,single,,,,,,1,1.0,1.0,1.0,1.0,1.0,1.0,1.0,1.0,1.0,0.6131471927654584,0.6131471927654584,0.6131471927654584,,1.0,1.0,1.0,1.0
C2,ts085,S2,single,,,,,,1,1.0,1.0,1.0,1.0,1.0,1.0,1.0,1.0,1.0,1.0,1.0,1.0,,1.0,1.0,1.0,1.0
C2,ts086,S2,single,,,,,,1,1.0,1.0,1.0,1.0,1.0,1.0,1.0,1.0,1.0,0.6131471927654584,0.6131471927654584,0.6131471927654584,,1.0,1.0,1.0,1.0
C2,ts087,S2,single,,,,,,5,0.0,1.0,0.0,1.0,0.0,0.2,0.0,0.2,0.0,0.38685280723454163,0.0,0.38685280723454163,,0.0,1.0,0.0,1.0
C2,ts088,S2,single,,,,,,,0.0,0.0,0.0,0.0,0.0,0.0,0.0,0.0,0.0,0.0,0.0,0.0,,0.0,0.0,0.0,0.0
C2,ts089,S2,single,,,,,,1,1.0,1.0,1.0,1.0,1.0,1.0,1.0,1.0,1.0,1.0,1.0,1.0,,1.0,1.0,1.0,1.0
C2,ts090,S2,single,,,,,,1,1.0,1.0,1.0,1.0,1.0,1.0,1.0,1.0,1.0,1.0,1.0,1.0,,1.0,1.0,1.0,1.0
C2,ts091,S2,single,,,,,,1,1.0,1.0,1.0,1.0,1.0,1.0,1.0,1.0,1.0,1.0,1.0,1.0,,1.0,1.0,1.0,1.0
C2,ts092,S2,single,,,,,,1,1.0,1.0,1.0,1.0,1.0,1.0,1.0,1.0,1.0,1.0,1.0,1.0,,1.0,1.0,1.0,1.0
C2,ts093,S2,single,,,,,,1,1.0,1.0,1.0,1.0,1.0,1.0,1.0,1.0,1.0,0.8315546295836225,0.6131471927654584,0.6131471927654584,,1.0,1.0,1.0,1.0
C2,ts094,S2,single,,,,,,,0.0,0.0,0.0,0.0,0.0,0.0,0.0,0.0,0.0,0.0,0.0,0.0,,0.0,0.0,0.0,0.0
C2,ts095,S2,single,,,,,,,0.0,0.0,0.0,0.0,0.0,0.0,0.0,0.0,0.0,0.0,0.0,0.0,,0.0,0.0,0.0,0.0
C2,ts096,S2,single,,,,,,1,1.0,1.0,1.0,1.0,1.0,1.0,1.0,1.0,1.0,1.0,1.0,1.0,,1.0,1.0,1.0,1.0
C2,ts097,S2,single,,,,,,5,0.0,1.0,0.0,1.0,0.0,0.2,0.0,0.2,0.0,0.38685280723454163,0.0,0.38685280723454163,,0.0,1.0,0.0,1.0
C2,ts098,S2,single,,,,,,,0.0,0.0,0.0,0.0,0.0,0.0,0.0,0.0,0.0,0.0,0.0,0.0,,0.0,0.0,0.0,0.0
C2,ts099,S2,single,,,,,,1,1.0,1.0,1.0,1.0,1.0,1.0,1.0,1.0,1.0,1.0,1.0,1.0,,1.0,1.0,1.0,1.0
C2,ts100,S2,single,,,,,,1,1.0,1.0,1.0,1.0,1.0,1.0,1.0,1.0,1.0,0.6131471927654584,0.6131471927654584,0.6131471927654584,,1.0,1.0,1.0,1.0
C2,tm001,S2,multi,,,,,,,0.0,0.0,0.0,0.0,0.0,0.0,0.0,0.0,0.0,0.0,0.0,0.0,,0.0,0.0,0.0,0.0
C2,tm002,S2,multi,,,,,,9,0.0,0.0,0.0,0.0,0.0,0.1111111111111111,0.0,0.0,0.0,0.18457569677956817,0.0,0.0,,0.0,0.5,0.0,0.0
C2,tm003,S2,multi,,,,,,1,0.0,0.0,0.0,0.0,1.0,1.0,1.0,1.0,1.0,0.6131471927654584,0.6131471927654584,0.6131471927654584,,0.5,0.5,0.5,0.5
C2,tm004,S2,multi,,,,,,,0.0,0.0,0.0,0.0,0.0,0.0,0.0,0.0,0.0,0.0,0.0,0.0,,0.0,0.0,0.0,0.0
C2,tm005,S2,multi,,,,,,,0.0,0.0,0.0,0.0,0.0,0.0,0.0,0.0,0.0,0.0,0.0,0.0,,0.0,0.0,0.0,0.0
C2,tm006,S2,multi,,,,,,1,0.0,1.0,1.0,1.0,1.0,1.0,1.0,1.0,1.0,1.0,1.0,1.0,,0.5,1.0,1.0,1.0
C2,tm007,S2,multi,,,,,,1,0.0,0.0,0.0,0.0,1.0,1.0,1.0,1.0,1.0,0.46927872602275644,0.46927872602275644,0.46927872602275644,,0.5,0.5,0.5,0.5
C2,tm008,S2,multi,,,,,,5,0.0,0.0,0.0,0.0,0.0,0.2,0.0,0.2,0.0,0.23719771276929622,0.0,0.23719771276929622,,0.0,0.5,0.0,0.5
C2,tm009,S2,multi,,,,,,5,0.0,1.0,0.0,0.0,0.0,0.2,0.0,0.2,0.0,0.4415801103577823,0.0,0.23719771276929622,,0.0,1.0,0.0,0.5
C2,tm010,S2,multi,,,,,,,0.0,0.0,0.0,0.0,0.0,0.0,0.0,0.0,0.0,0.0,0.0,0.0,,0.0,0.0,0.0,0.0
C2,tm011,S2,multi,,,,,,2,0.0,0.0,0.0,0.0,0.0,0.5,0.5,0.5,0.0,0.2960819109658652,0.2960819109658652,0.2960819109658652,,0.0,0.5,0.5,0.5
C2,tm012,S2,multi,,,,,,1,0.0,1.0,1.0,1.0,1.0,1.0,1.0,1.0,1.0,0.7653606369886217,0.7653606369886217,0.7653606369886217,,0.5,1.0,1.0,1.0
C2,tm013,S2,multi,,,,,,1,0.0,1.0,1.0,1.0,1.0,1.0,1.0,1.0,1.0,1.0,1.0,1.0,,0.5,1.0,1.0,1.0
C2,tm014,S2,multi,,,,,,2,0.0,1.0,0.0,0.0,0.0,0.5,0.5,0.5,0.0,0.4441228664487979,0.2960819109658652,0.2960819109658652,,0.0,1.0,0.5,0.5
C2,tm015,S2,multi,,,,,,1,0.0,0.0,0.0,0.0,1.0,1.0,1.0,1.0,1.0,0.6131471927654584,0.6131471927654584,0.6131471927654584,,0.5,0.5,0.5,0.5
C2,tm016,S2,multi,,,,,,10,0.0,0.0,0.0,0.0,0.0,0.1,0.0,0.0,0.0,0.17723928678404774,0.0,0.0,,0.0,0.5,0.0,0.0
C2,tm017,S2,multi,,,,,,1,0.0,0.0,0.0,0.0,1.0,1.0,1.0,1.0,1.0,0.6131471927654584,0.6131471927654584,0.6131471927654584,,0.5,0.5,0.5,0.5
C2,tm018,S2,multi,,,,,,1,0.0,1.0,1.0,1.0,1.0,1.0,1.0,1.0,1.0,0.9134015924715543,0.7653606369886217,0.7653606369886217,,0.5,1.0,1.0,1.0
C2,tm019,S2,multi,,,,,,1,0.0,0.0,0.0,0.0,1.0,1.0,1.0,1.0,1.0,0.6364391809889587,0.46927872602275644,0.46927872602275644,,0.5,0.5,0.5,0.5
C2,tm020,S2,multi,,,,,,,0.0,0.0,0.0,0.0,0.0,0.0,0.0,0.0,0.0,0.0,0.0,0.0,,0.0,0.0,0.0,0.0
C3,ts001,S2,single,,,,,,3,0.0,1.0,1.0,1.0,0.0,0.3333333333333333,0.3333333333333333,0.3333333333333333,0.0,0.4911492931622974,0.3065735963827292,0.3065735963827292,,0.0,1.0,1.0,1.0
C3,ts002,S2,single,,,,,,9,0.0,1.0,0.0,0.0,0.0,0.1111111111111111,0.0,0.0,0.0,0.3010299956639812,0.0,0.0,,0.0,1.0,0.0,0.0
C3,ts003,S2,single,,,,,,1,1.0,1.0,1.0,1.0,1.0,1.0,1.0,1.0,1.0,0.8315546295836225,0.6131471927654584,0.6131471927654584,,1.0,1.0,1.0,1.0
C3,ts004,S2,single,,,,,,1,1.0,1.0,1.0,1.0,1.0,1.0,1.0,1.0,1.0,1.0,1.0,1.0,,1.0,1.0,1.0,1.0
C3,ts005,S2,single,,,,,,1,1.0,1.0,1.0,1.0,1.0,1.0,1.0,1.0,1.0,1.0,1.0,1.0,,1.0,1.0,1.0,1.0
C3,ts006,S2,single,,,,,,,0.0,0.0,0.0,0.0,0.0,0.0,0.0,0.0,0.0,0.0,0.0,0.0,,0.0,0.0,0.0,0.0
C3,ts007,S2,single,,,,,,1,1.0,1.0,1.0,1.0,1.0,1.0,1.0,1.0,1.0,1.0,1.0,1.0,,1.0,1.0,1.0,1.0
C3,ts008,S2,single,,,,,,1,1.0,1.0,1.0,1.0,1.0,1.0,1.0,1.0,1.0,0.6131471927654584,0.6131471927654584,0.6131471927654584,,1.0,1.0,1.0,1.0
C3,ts009,S2,single,,,,,,1,1.0,1.0,1.0,1.0,1.0,1.0,1.0,1.0,1.0,1.0,1.0,1.0,,1.0,1.0,1.0,1.0
C3,ts010,S2,single,,,,,,,0.0,0.0,0.0,0.0,0.0,0.0,0.0,0.0,0.0,0.0,0.0,0.0,,0.0,0.0,0.0,0.0
C3,ts011,S2,single,,,,,,,0.0,0.0,0.0,0.0,0.0,0.0,0.0,0.0,0.0,0.0,0.0,0.0,,0.0,0.0,0.0,0.0
C3,ts012,S2,single,,,,,,2,0.0,1.0,1.0,1.0,0.0,0.5,0.5,0.5,0.0,0.6309297535714575,0.6309297535714575,0.6309297535714575,,0.0,1.0,1.0,1.0
C3,ts013,S2,single,,,,,,1,1.0,1.0,1.0,1.0,1.0,1.0,1.0,1.0,1.0,0.7977228895450266,0.6131471927654584,0.6131471927654584,,1.0,1.0,1.0,1.0
C3,ts014,S2,single,,,,,,1,1.0,1.0,1.0,1.0,1.0,1.0,1.0,1.0,1.0,1.0,1.0,1.0,,1.0,1.0,1.0,1.0
C3,ts015,S2,single,,,,,,1,1.0,1.0,1.0,1.0,1.0,1.0,1.0,1.0,1.0,0.8772153153380493,0.6131471927654584,0.8772153153380493,,1.0,1.0,1.0,1.0
C3,ts016,S2,single,,,,,,1,1.0,1.0,1.0,1.0,1.0,1.0,1.0,1.0,1.0,1.0,1.0,1.0,,1.0,1.0,1.0,1.0
C3,ts017,S2,single,,,,,,1,1.0,1.0,1.0,1.0,1.0,1.0,1.0,1.0,1.0,0.8315546295836225,0.6131471927654584,0.6131471927654584,,1.0,1.0,1.0,1.0
C3,ts018,S2,single,,,,,,1,1.0,1.0,1.0,1.0,1.0,1.0,1.0,1.0,1.0,0.6131471927654584,0.6131471927654584,0.6131471927654584,,1.0,1.0,1.0,1.0
C3,ts019,S2,single,,,,,,1,1.0,1.0,1.0,1.0,1.0,1.0,1.0,1.0,1.0,1.0,1.0,1.0,,1.0,1.0,1.0,1.0
C3,ts020,S2,single,,,,,,1,1.0,1.0,1.0,1.0,1.0,1.0,1.0,1.0,1.0,1.0,1.0,1.0,,1.0,1.0,1.0,1.0
C3,ts021,S2,single,,,,,,4,0.0,1.0,0.0,1.0,0.0,0.25,0.0,0.25,0.0,0.43067655807339306,0.0,0.43067655807339306,,0.0,1.0,0.0,1.0
C3,ts022,S2,single,,,,,,1,1.0,1.0,1.0,1.0,1.0,1.0,1.0,1.0,1.0,0.6131471927654584,0.6131471927654584,0.6131471927654584,,1.0,1.0,1.0,1.0
C3,ts023,S2,single,,,,,,1,1.0,1.0,1.0,1.0,1.0,1.0,1.0,1.0,1.0,1.0,1.0,1.0,,1.0,1.0,1.0,1.0
C3,ts024,S2,single,,,,,,1,1.0,1.0,1.0,1.0,1.0,1.0,1.0,1.0,1.0,1.0,1.0,1.0,,1.0,1.0,1.0,1.0
C3,ts025,S2,single,,,,,,1,1.0,1.0,1.0,1.0,1.0,1.0,1.0,1.0,1.0,1.0,1.0,1.0,,1.0,1.0,1.0,1.0
C3,ts026,S2,single,,,,,,9,0.0,1.0,0.0,0.0,0.0,0.1111111111111111,0.0,0.0,0.0,0.3010299956639812,0.0,0.0,,0.0,1.0,0.0,0.0
C3,ts027,S2,single,,,,,,1,1.0,1.0,1.0,1.0,1.0,1.0,1.0,1.0,1.0,1.0,1.0,1.0,,1.0,1.0,1.0,1.0
C3,ts028,S2,single,,,,,,,0.0,0.0,0.0,0.0,0.0,0.0,0.0,0.0,0.0,0.0,0.0,0.0,,0.0,0.0,0.0,0.0
C3,ts029,S2,single,,,,,,1,1.0,1.0,1.0,1.0,1.0,1.0,1.0,1.0,1.0,1.0,1.0,1.0,,1.0,1.0,1.0,1.0
C3,ts030,S2,single,,,,,,1,1.0,1.0,1.0,1.0,1.0,1.0,1.0,1.0,1.0,1.0,1.0,1.0,,1.0,1.0,1.0,1.0
C3,ts031,S2,single,,,,,,1,1.0,1.0,1.0,1.0,1.0,1.0,1.0,1.0,1.0,1.0,1.0,1.0,,1.0,1.0,1.0,1.0
C3,ts032,S2,single,,,,,,1,1.0,1.0,1.0,1.0,1.0,1.0,1.0,1.0,1.0,1.0,1.0,1.0,,1.0,1.0,1.0,1.0
C3,ts033,S2,single,,,,,,3,0.0,1.0,1.0,1.0,0.0,0.3333333333333333,0.3333333333333333,0.3333333333333333,0.0,0.48381288316677695,0.3065735963827292,0.3065735963827292,,0.0,1.0,1.0,1.0
C3,ts034,S2,single,,,,,,8,0.0,1.0,0.0,0.0,0.0,0.125,0.0,0.0,0.0,0.31546487678572877,0.0,0.0,,0.0,1.0,0.0,0.0
C3,ts035,S2,single,,,,,,1,1.0,1.0,1.0,1.0,1.0,1.0,1.0,1.0,1.0,1.0,1.0,1.0,,1.0,1.0,1.0,1.0
C3,ts036,S2,single,,,,,,1,1.0,1.0,1.0,1.0,1.0,1.0,1.0,1.0,1.0,1.0,1.0,1.0,,1.0,1.0,1.0,1.0
C3,ts037,S2,single,,,,,,1,1.0,1.0,1.0,1.0,1.0,1.0,1.0,1.0,1.0,1.0,1.0,1.0,,1.0,1.0,1.0,1.0
C3,ts038,S2,single,,,,,,1,1.0,1.0,1.0,1.0,1.0,1.0,1.0,1.0,1.0,1.0,1.0,1.0,,1.0,1.0,1.0,1.0
C3,ts039,S2,single,,,,,,1,1.0,1.0,1.0,1.0,1.0,1.0,1.0,1.0,1.0,1.0,1.0,1.0,,1.0,1.0,1.0,1.0
C3,ts040,S2,single,,,,,,1,1.0,1.0,1.0,1.0,1.0,1.0,1.0,1.0,1.0,0.8315546295836225,0.6131471927654584,0.6131471927654584,,1.0,1.0,1.0,1.0
C3,ts041,S2,single,,,,,,1,1.0,1.0,1.0,1.0,1.0,1.0,1.0,1.0,1.0,1.0,1.0,1.0,,1.0,1.0,1.0,1.0
C3,ts042,S2,single,,,,,,8,0.0,1.0,0.0,0.0,0.0,0.125,0.0,0.0,0.0,0.31546487678572877,0.0,0.0,,0.0,1.0,0.0,0.0
C3,ts043,S2,single,,,,,,1,1.0,1.0,1.0,1.0,1.0,1.0,1.0,1.0,1.0,1.0,1.0,1.0,,1.0,1.0,1.0,1.0
C3,ts044,S2,single,,,,,,,0.0,0.0,0.0,0.0,0.0,0.0,0.0,0.0,0.0,0.0,0.0,0.0,,0.0,0.0,0.0,0.0
C3,ts045,S2,single,,,,,,1,1.0,1.0,1.0,1.0,1.0,1.0,1.0,1.0,1.0,1.0,1.0,1.0,,1.0,1.0,1.0,1.0
C3,ts046,S2,single,,,,,,1,1.0,1.0,1.0,1.0,1.0,1.0,1.0,1.0,1.0,1.0,1.0,1.0,,1.0,1.0,1.0,1.0
C3,ts047,S2,single,,,,,,1,1.0,1.0,1.0,1.0,1.0,1.0,1.0,1.0,1.0,1.0,1.0,1.0,,1.0,1.0,1.0,1.0
C3,ts048,S2,single,,,,,,1,1.0,1.0,1.0,1.0,1.0,1.0,1.0,1.0,1.0,1.0,1.0,1.0,,1.0,1.0,1.0,1.0
C3,ts049,S2,single,,,,,,1,1.0,1.0,1.0,1.0,1.0,1.0,1.0,1.0,1.0,0.7977228895450266,0.6131471927654584,0.6131471927654584,,1.0,1.0,1.0,1.0
C3,ts050,S2,single,,,,,,1,1.0,1.0,1.0,1.0,1.0,1.0,1.0,1.0,1.0,1.0,1.0,1.0,,1.0,1.0,1.0,1.0
C3,ts051,S2,single,,,,,,1,1.0,1.0,1.0,1.0,1.0,1.0,1.0,1.0,1.0,1.0,1.0,1.0,,1.0,1.0,1.0,1.0
C3,ts052,S2,single,,,,,,1,1.0,1.0,1.0,1.0,1.0,1.0,1.0,1.0,1.0,1.0,1.0,1.0,,1.0,1.0,1.0,1.0
C3,ts053,S2,single,,,,,,6,0.0,1.0,0.0,0.0,0.0,0.16666666666666666,0.0,0.0,0.0,0.21840743681816419,0.0,0.0,,0.0,1.0,0.0,0.0
C3,ts054,S2,single,,,,,,1,1.0,1.0,1.0,1.0,1.0,1.0,1.0,1.0,1.0,1.0,1.0,1.0,,1.0,1.0,1.0,1.0
C3,ts055,S2,single,,,,,,1,1.0,1.0,1.0,1.0,1.0,1.0,1.0,1.0,1.0,1.0,1.0,1.0,,1.0,1.0,1.0,1.0
C3,ts056,S2,single,,,,,,2,0.0,1.0,1.0,1.0,0.0,0.5,0.5,0.5,0.0,0.6309297535714575,0.6309297535714575,0.6309297535714575,,0.0,1.0,1.0,1.0
C3,ts057,S2,single,,,,,,1,1.0,1.0,1.0,1.0,1.0,1.0,1.0,1.0,1.0,0.9197207891481876,0.9197207891481876,0.9197207891481876,,1.0,1.0,1.0,1.0
C3,ts058,S2,single,,,,,,1,1.0,1.0,1.0,1.0,1.0,1.0,1.0,1.0,1.0,1.0,1.0,1.0,,1.0,1.0,1.0,1.0
C3,ts059,S2,single,,,,,,8,0.0,1.0,0.0,0.0,0.0,0.125,0.0,0.0,0.0,0.31546487678572877,0.0,0.0,,0.0,1.0,0.0,0.0
C3,ts060,S2,single,,,,,,1,1.0,1.0,1.0,1.0,1.0,1.0,1.0,1.0,1.0,1.0,1.0,1.0,,1.0,1.0,1.0,1.0
C3,ts061,S2,single,,,,,,,0.0,0.0,0.0,0.0,0.0,0.0,0.0,0.0,0.0,0.0,0.0,0.0,,0.0,0.0,0.0,0.0
C3,ts062,S2,single,,,,,,1,1.0,1.0,1.0,1.0,1.0,1.0,1.0,1.0,1.0,1.0,1.0,1.0,,1.0,1.0,1.0,1.0
C3,ts063,S2,single,,,,,,7,0.0,1.0,0.0,0.0,0.0,0.14285714285714285,0.0,0.0,0.0,0.3333333333333333,0.0,0.0,,0.0,1.0,0.0,0.0
C3,ts064,S2,single,,,,,,5,0.0,1.0,0.0,1.0,0.0,0.2,0.0,0.2,0.0,0.38685280723454163,0.0,0.38685280723454163,,0.0,1.0,0.0,1.0
C3,ts065,S2,single,,,,,,1,1.0,1.0,1.0,1.0,1.0,1.0,1.0,1.0,1.0,1.0,1.0,1.0,,1.0,1.0,1.0,1.0
C3,ts066,S2,single,,,,,,7,0.0,1.0,0.0,0.0,0.0,0.14285714285714285,0.0,0.0,0.0,0.3333333333333333,0.0,0.0,,0.0,1.0,0.0,0.0
C3,ts067,S2,single,,,,,,,0.0,0.0,0.0,0.0,0.0,0.0,0.0,0.0,0.0,0.0,0.0,0.0,,0.0,0.0,0.0,0.0
C3,ts068,S2,single,,,,,,1,1.0,1.0,1.0,1.0,1.0,1.0,1.0,1.0,1.0,1.0,1.0,1.0,,1.0,1.0,1.0,1.0
C3,ts069,S2,single,,,,,,7,0.0,1.0,0.0,0.0,0.0,0.14285714285714285,0.0,0.0,0.0,0.3333333333333333,0.0,0.0,,0.0,1.0,0.0,0.0
C3,ts070,S2,single,,,,,,1,1.0,1.0,1.0,1.0,1.0,1.0,1.0,1.0,1.0,1.0,1.0,1.0,,1.0,1.0,1.0,1.0
C3,ts071,S2,single,,,,,,1,1.0,1.0,1.0,1.0,1.0,1.0,1.0,1.0,1.0,1.0,1.0,1.0,,1.0,1.0,1.0,1.0
C3,ts072,S2,single,,,,,,1,1.0,1.0,1.0,1.0,1.0,1.0,1.0,1.0,1.0,0.8315546295836225,0.6131471927654584,0.6131471927654584,,1.0,1.0,1.0,1.0
C3,ts073,S2,single,,,,,,2,0.0,1.0,1.0,1.0,0.0,0.5,0.5,0.5,0.0,0.6309297535714575,0.6309297535714575,0.6309297535714575,,0.0,1.0,1.0,1.0
C3,ts074,S2,single,,,,,,10,0.0,1.0,0.0,0.0,0.0,0.1,0.0,0.0,0.0,0.2890648263178879,0.0,0.0,,0.0,1.0,0.0,0.0
C3,ts075,S2,single,,,,,,9,0.0,1.0,0.0,0.0,0.0,0.1111111111111111,0.0,0.0,0.0,0.3010299956639812,0.0,0.0,,0.0,1.0,0.0,0.0
C3,ts076,S2,single,,,,,,3,0.0,1.0,1.0,1.0,0.0,0.3333333333333333,0.3333333333333333,0.3333333333333333,0.0,0.5,0.5,0.5,,0.0,1.0,1.0,1.0
C3,ts077,S2,single,,,,,,10,0.0,1.0,0.0,0.0,0.0,0.1,0.0,0.0,0.0,0.2890648263178879,0.0,0.0,,0.0,1.0,0.0,0.0
C3,ts078,S2,single,,,,,,,0.0,0.0,0.0,0.0,0.0,0.0,0.0,0.0,0.0,0.0,0.0,0.0,,0.0,0.0,0.0,0.0
C3,ts079,S2,single,,,,,,1,1.0,1.0,1.0,1.0,1.0,1.0,1.0,1.0,1.0,1.0,1.0,1.0,,1.0,1.0,1.0,1.0
C3,ts080,S2,single,,,,,,4,0.0,1.0,0.0,1.0,0.0,0.25,0.0,0.25,0.0,0.43067655807339306,0.0,0.43067655807339306,,0.0,1.0,0.0,1.0
C3,ts081,S2,single,,,,,,,0.0,0.0,0.0,0.0,0.0,0.0,0.0,0.0,0.0,0.0,0.0,0.0,,0.0,0.0,0.0,0.0
C3,ts082,S2,single,,,,,,2,0.0,1.0,1.0,1.0,0.0,0.5,0.5,0.5,0.0,0.6309297535714575,0.6309297535714575,0.6309297535714575,,0.0,1.0,1.0,1.0
C3,ts083,S2,single,,,,,,1,1.0,1.0,1.0,1.0,1.0,1.0,1.0,1.0,1.0,0.8065735963827293,0.6131471927654584,0.6131471927654584,,1.0,1.0,1.0,1.0
C3,ts084,S2,single,,,,,,1,1.0,1.0,1.0,1.0,1.0,1.0,1.0,1.0,1.0,0.6131471927654584,0.6131471927654584,0.6131471927654584,,1.0,1.0,1.0,1.0
C3,ts085,S2,single,,,,,,1,1.0,1.0,1.0,1.0,1.0,1.0,1.0,1.0,1.0,1.0,1.0,1.0,,1.0,1.0,1.0,1.0
C3,ts086,S2,single,,,,,,1,1.0,1.0,1.0,1.0,1.0,1.0,1.0,1.0,1.0,0.6131471927654584,0.6131471927654584,0.6131471927654584,,1.0,1.0,1.0,1.0
C3,ts087,S2,single,,,,,,5,0.0,1.0,0.0,1.0,0.0,0.2,0.0,0.2,0.0,0.38685280723454163,0.0,0.38685280723454163,,0.0,1.0,0.0,1.0
C3,ts088,S2,single,,,,,,,0.0,0.0,0.0,0.0,0.0,0.0,0.0,0.0,0.0,0.0,0.0,0.0,,0.0,0.0,0.0,0.0
C3,ts089,S2,single,,,,,,1,1.0,1.0,1.0,1.0,1.0,1.0,1.0,1.0,1.0,1.0,1.0,1.0,,1.0,1.0,1.0,1.0
C3,ts090,S2,single,,,,,,1,1.0,1.0,1.0,1.0,1.0,1.0,1.0,1.0,1.0,1.0,1.0,1.0,,1.0,1.0,1.0,1.0
C3,ts091,S2,single,,,,,,1,1.0,1.0,1.0,1.0,1.0,1.0,1.0,1.0,1.0,1.0,1.0,1.0,,1.0,1.0,1.0,1.0
C3,ts092,S2,single,,,,,,1,1.0,1.0,1.0,1.0,1.0,1.0,1.0,1.0,1.0,1.0,1.0,1.0,,1.0,1.0,1.0,1.0
C3,ts093,S2,single,,,,,,1,1.0,1.0,1.0,1.0,1.0,1.0,1.0,1.0,1.0,0.8503449055347546,0.6131471927654584,0.8503449055347546,,1.0,1.0,1.0,1.0
C3,ts094,S2,single,,,,,,,0.0,0.0,0.0,0.0,0.0,0.0,0.0,0.0,0.0,0.0,0.0,0.0,,0.0,0.0,0.0,0.0
C3,ts095,S2,single,,,,,,7,0.0,1.0,0.0,0.0,0.0,0.14285714285714285,0.0,0.0,0.0,0.3333333333333333,0.0,0.0,,0.0,1.0,0.0,0.0
C3,ts096,S2,single,,,,,,1,1.0,1.0,1.0,1.0,1.0,1.0,1.0,1.0,1.0,1.0,1.0,1.0,,1.0,1.0,1.0,1.0
C3,ts097,S2,single,,,,,,8,0.0,1.0,0.0,0.0,0.0,0.125,0.0,0.0,0.0,0.31546487678572877,0.0,0.0,,0.0,1.0,0.0,0.0
C3,ts098,S2,single,,,,,,5,0.0,1.0,0.0,1.0,0.0,0.2,0.0,0.2,0.0,0.38685280723454163,0.0,0.38685280723454163,,0.0,1.0,0.0,1.0
C3,ts099,S2,single,,,,,,1,1.0,1.0,1.0,1.0,1.0,1.0,1.0,1.0,1.0,1.0,1.0,1.0,,1.0,1.0,1.0,1.0
C3,ts100,S2,single,,,,,,1,1.0,1.0,1.0,1.0,1.0,1.0,1.0,1.0,1.0,0.6131471927654584,0.6131471927654584,0.6131471927654584,,1.0,1.0,1.0,1.0
C3,tm001,S2,multi,,,,,,,0.0,0.0,0.0,0.0,0.0,0.0,0.0,0.0,0.0,0.0,0.0,0.0,,0.0,0.0,0.0,0.0
C3,tm002,S2,multi,,,,,,5,0.0,0.0,0.0,0.0,0.0,0.2,0.0,0.2,0.0,0.23719771276929622,0.0,0.23719771276929622,,0.0,0.5,0.0,0.5
C3,tm003,S2,multi,,,,,,1,0.0,1.0,0.0,1.0,1.0,1.0,1.0,1.0,1.0,0.8772153153380493,0.6131471927654584,0.8772153153380493,,0.5,1.0,0.5,1.0
C3,tm004,S2,multi,,,,,,,0.0,0.0,0.0,0.0,0.0,0.0,0.0,0.0,0.0,0.0,0.0,0.0,,0.0,0.0,0.0,0.0
C3,tm005,S2,multi,,,,,,2,0.0,0.0,0.0,0.0,0.0,0.5,0.5,0.5,0.0,0.2960819109658652,0.2960819109658652,0.2960819109658652,,0.0,0.5,0.5,0.5
C3,tm006,S2,multi,,,,,,1,0.0,1.0,1.0,1.0,1.0,1.0,1.0,1.0,1.0,1.0,1.0,1.0,,0.5,1.0,1.0,1.0
C3,tm007,S2,multi,,,,,,1,0.0,0.0,0.0,0.0,1.0,1.0,1.0,1.0,1.0,0.46927872602275644,0.46927872602275644,0.46927872602275644,,0.5,0.5,0.5,0.5
C3,tm008,S2,multi,,,,,,5,0.0,0.0,0.0,0.0,0.0,0.2,0.0,0.2,0.0,0.23719771276929622,0.0,0.23719771276929622,,0.0,0.5,0.0,0.5
C3,tm009,S2,multi,,,,,,8,0.0,1.0,0.0,0.0,0.0,0.125,0.0,0.0,0.0,0.37800210039683896,0.0,0.0,,0.0,1.0,0.0,0.0
C3,tm010,S2,multi,,,,,,,0.0,0.0,0.0,0.0,0.0,0.0,0.0,0.0,0.0,0.0,0.0,0.0,,0.0,0.0,0.0,0.0
C3,tm011,S2,multi,,,,,,2,0.0,1.0,0.0,1.0,0.0,0.5,0.5,0.5,0.0,0.4776237035032179,0.2960819109658652,0.4776237035032179,,0.0,1.0,0.5,1.0
C3,tm012,S2,multi,,,,,,1,0.0,1.0,1.0,1.0,1.0,1.0,1.0,1.0,1.0,0.7653606369886217,0.7653606369886217,0.7653606369886217,,0.5,1.0,1.0,1.0
C3,tm013,S2,multi,,,,,,1,0.0,1.0,0.0,0.0,1.0,1.0,1.0,1.0,1.0,0.8065735963827293,0.6131471927654584,0.6131471927654584,,0.5,1.0,0.5,0.5
C3,tm014,S2,multi,,,,,,2,0.0,1.0,0.0,0.0,0.0,0.5,0.5,0.5,0.0,0.6340499455108034,0.2960819109658652,0.4776237035032179,,0.0,1.0,0.5,0.5
C3,tm015,S2,multi,,,,,,1,0.0,0.0,0.0,0.0,1.0,1.0,1.0,1.0,1.0,0.6131471927654584,0.6131471927654584,0.6131471927654584,,0.5,0.5,0.5,0.5
C3,tm016,S2,multi,,,,,,1,0.0,0.0,0.0,0.0,1.0,1.0,1.0,1.0,1.0,0.6131471927654584,0.6131471927654584,0.6131471927654584,,0.5,0.5,0.5,0.5
C3,tm017,S2,multi,,,,,,1,0.0,0.0,0.0,0.0,1.0,1.0,1.0,1.0,1.0,0.6131471927654584,0.6131471927654584,0.6131471927654584,,0.5,0.5,0.5,0.5
C3,tm018,S2,multi,,,,,,1,0.0,1.0,1.0,1.0,1.0,1.0,1.0,1.0,1.0,0.9217868789962071,0.7653606369886217,0.7653606369886217,,0.5,1.0,1.0,1.0
C3,tm019,S2,multi,,,,,,1,0.0,0.0,0.0,0.0,1.0,1.0,1.0,1.0,1.0,0.6257049680303419,0.46927872602275644,0.46927872602275644,,0.5,0.5,0.5,0.5
C3,tm020,S2,multi,,,,,,,0.0,0.0,0.0,0.0,0.0,0.0,0.0,0.0,0.0,0.0,0.0,0.0,,0.0,0.0,0.0,0.0
S,ts001,S2,single,,,,,,4,0.0,1.0,0.0,1.0,0.0,0.25,0.0,0.25,0.0,0.43067655807339306,0.0,0.43067655807339306,,0.0,1.0,0.0,1.0
S,ts002,S2,single,,,,,,6,0.0,1.0,0.0,0.0,0.0,0.16666666666666666,0.0,0.0,0.0,0.3562071871080222,0.0,0.0,,0.0,1.0,0.0,0.0
S,ts003,S2,single,,,,,,1,1.0,1.0,1.0,1.0,1.0,1.0,1.0,1.0,1.0,1.0,1.0,1.0,,1.0,1.0,1.0,1.0
S,ts004,S2,single,,,,,,,0.0,0.0,0.0,0.0,0.0,0.0,0.0,0.0,0.0,0.0,0.0,0.0,,0.0,0.0,0.0,0.0
S,ts005,S2,single,,,,,,1,1.0,1.0,1.0,1.0,1.0,1.0,1.0,1.0,1.0,1.0,1.0,1.0,,1.0,1.0,1.0,1.0
S,ts006,S2,single,,,,,,1,1.0,1.0,1.0,1.0,1.0,1.0,1.0,1.0,1.0,1.0,1.0,1.0,,1.0,1.0,1.0,1.0
S,ts007,S2,single,,,,,,1,1.0,1.0,1.0,1.0,1.0,1.0,1.0,1.0,1.0,1.0,1.0,1.0,,1.0,1.0,1.0,1.0
S,ts008,S2,single,,,,,,,0.0,0.0,0.0,0.0,0.0,0.0,0.0,0.0,0.0,0.0,0.0,0.0,,0.0,0.0,0.0,0.0
S,ts009,S2,single,,,,,,,0.0,0.0,0.0,0.0,0.0,0.0,0.0,0.0,0.0,0.0,0.0,0.0,,0.0,0.0,0.0,0.0
S,ts010,S2,single,,,,,,,0.0,0.0,0.0,0.0,0.0,0.0,0.0,0.0,0.0,0.0,0.0,0.0,,0.0,0.0,0.0,0.0
S,ts011,S2,single,,,,,,1,1.0,1.0,1.0,1.0,1.0,1.0,1.0,1.0,1.0,1.0,1.0,1.0,,1.0,1.0,1.0,1.0
S,ts012,S2,single,,,,,,1,1.0,1.0,1.0,1.0,1.0,1.0,1.0,1.0,1.0,1.0,1.0,1.0,,1.0,1.0,1.0,1.0
S,ts013,S2,single,,,,,,1,1.0,1.0,1.0,1.0,1.0,1.0,1.0,1.0,1.0,1.0,1.0,1.0,,1.0,1.0,1.0,1.0
S,ts014,S2,single,,,,,,1,1.0,1.0,1.0,1.0,1.0,1.0,1.0,1.0,1.0,1.0,1.0,1.0,,1.0,1.0,1.0,1.0
S,ts015,S2,single,,,,,,1,1.0,1.0,1.0,1.0,1.0,1.0,1.0,1.0,1.0,1.0,1.0,1.0,,1.0,1.0,1.0,1.0
S,ts016,S2,single,,,,,,6,0.0,1.0,0.0,0.0,0.0,0.16666666666666666,0.0,0.0,0.0,0.3562071871080222,0.0,0.0,,0.0,1.0,0.0,0.0
S,ts017,S2,single,,,,,,4,0.0,1.0,0.0,1.0,0.0,0.25,0.0,0.25,0.0,0.43067655807339306,0.0,0.43067655807339306,,0.0,1.0,0.0,1.0
S,ts018,S2,single,,,,,,1,1.0,1.0,1.0,1.0,1.0,1.0,1.0,1.0,1.0,1.0,1.0,1.0,,1.0,1.0,1.0,1.0
S,ts019,S2,single,,,,,,1,1.0,1.0,1.0,1.0,1.0,1.0,1.0,1.0,1.0,1.0,1.0,1.0,,1.0,1.0,1.0,1.0
S,ts020,S2,single,,,,,,1,1.0,1.0,1.0,1.0,1.0,1.0,1.0,1.0,1.0,1.0,1.0,1.0,,1.0,1.0,1.0,1.0
S,ts021,S2,single,,,,,,,0.0,0.0,0.0,0.0,0.0,0.0,0.0,0.0,0.0,0.0,0.0,0.0,,0.0,0.0,0.0,0.0
S,ts022,S2,single,,,,,,7,0.0,1.0,0.0,0.0,0.0,0.14285714285714285,0.0,0.0,0.0,0.3333333333333333,0.0,0.0,,0.0,1.0,0.0,0.0
S,ts023,S2,single,,,,,,1,1.0,1.0,1.0,1.0,1.0,1.0,1.0,1.0,1.0,1.0,1.0,1.0,,1.0,1.0,1.0,1.0
S,ts024,S2,single,,,,,,1,1.0,1.0,1.0,1.0,1.0,1.0,1.0,1.0,1.0,1.0,1.0,1.0,,1.0,1.0,1.0,1.0
S,ts025,S2,single,,,,,,,0.0,0.0,0.0,0.0,0.0,0.0,0.0,0.0,0.0,0.0,0.0,0.0,,0.0,0.0,0.0,0.0
S,ts026,S2,single,,,,,,5,0.0,1.0,0.0,1.0,0.0,0.2,0.0,0.2,0.0,0.38685280723454163,0.0,0.38685280723454163,,0.0,1.0,0.0,1.0
S,ts027,S2,single,,,,,,1,1.0,1.0,1.0,1.0,1.0,1.0,1.0,1.0,1.0,1.0,1.0,1.0,,1.0,1.0,1.0,1.0
S,ts028,S2,single,,,,,,,0.0,0.0,0.0,0.0,0.0,0.0,0.0,0.0,0.0,0.0,0.0,0.0,,0.0,0.0,0.0,0.0
S,ts029,S2,single,,,,,,2,0.0,1.0,1.0,1.0,0.0,0.5,0.5,0.5,0.0,0.6309297535714575,0.6309297535714575,0.6309297535714575,,0.0,1.0,1.0,1.0
S,ts030,S2,single,,,,,,1,1.0,1.0,1.0,1.0,1.0,1.0,1.0,1.0,1.0,1.0,1.0,1.0,,1.0,1.0,1.0,1.0
S,ts031,S2,single,,,,,,1,1.0,1.0,1.0,1.0,1.0,1.0,1.0,1.0,1.0,1.0,1.0,1.0,,1.0,1.0,1.0,1.0
S,ts032,S2,single,,,,,,1,1.0,1.0,1.0,1.0,1.0,1.0,1.0,1.0,1.0,1.0,1.0,1.0,,1.0,1.0,1.0,1.0
S,ts033,S2,single,,,,,,2,0.0,1.0,1.0,1.0,0.0,0.5,0.5,0.5,0.0,0.6309297535714575,0.6309297535714575,0.6309297535714575,,0.0,1.0,1.0,1.0
S,ts034,S2,single,,,,,,5,0.0,1.0,0.0,1.0,0.0,0.2,0.0,0.2,0.0,0.38685280723454163,0.0,0.38685280723454163,,0.0,1.0,0.0,1.0
S,ts035,S2,single,,,,,,1,1.0,1.0,1.0,1.0,1.0,1.0,1.0,1.0,1.0,1.0,1.0,1.0,,1.0,1.0,1.0,1.0
S,ts036,S2,single,,,,,,5,0.0,1.0,0.0,1.0,0.0,0.2,0.0,0.2,0.0,0.38685280723454163,0.0,0.38685280723454163,,0.0,1.0,0.0,1.0
S,ts037,S2,single,,,,,,1,1.0,1.0,1.0,1.0,1.0,1.0,1.0,1.0,1.0,1.0,1.0,1.0,,1.0,1.0,1.0,1.0
S,ts038,S2,single,,,,,,1,1.0,1.0,1.0,1.0,1.0,1.0,1.0,1.0,1.0,1.0,1.0,1.0,,1.0,1.0,1.0,1.0
S,ts039,S2,single,,,,,,,0.0,0.0,0.0,0.0,0.0,0.0,0.0,0.0,0.0,0.0,0.0,0.0,,0.0,0.0,0.0,0.0
S,ts040,S2,single,,,,,,1,1.0,1.0,1.0,1.0,1.0,1.0,1.0,1.0,1.0,1.0,1.0,1.0,,1.0,1.0,1.0,1.0
S,ts041,S2,single,,,,,,1,1.0,1.0,1.0,1.0,1.0,1.0,1.0,1.0,1.0,1.0,1.0,1.0,,1.0,1.0,1.0,1.0
S,ts042,S2,single,,,,,,,0.0,0.0,0.0,0.0,0.0,0.0,0.0,0.0,0.0,0.0,0.0,0.0,,0.0,0.0,0.0,0.0
S,ts043,S2,single,,,,,,,0.0,0.0,0.0,0.0,0.0,0.0,0.0,0.0,0.0,0.0,0.0,0.0,,0.0,0.0,0.0,0.0
S,ts044,S2,single,,,,,,,0.0,0.0,0.0,0.0,0.0,0.0,0.0,0.0,0.0,0.0,0.0,0.0,,0.0,0.0,0.0,0.0
S,ts045,S2,single,,,,,,1,1.0,1.0,1.0,1.0,1.0,1.0,1.0,1.0,1.0,1.0,1.0,1.0,,1.0,1.0,1.0,1.0
S,ts046,S2,single,,,,,,2,0.0,1.0,1.0,1.0,0.0,0.5,0.5,0.5,0.0,0.6309297535714575,0.6309297535714575,0.6309297535714575,,0.0,1.0,1.0,1.0
S,ts047,S2,single,,,,,,4,0.0,1.0,0.0,1.0,0.0,0.25,0.0,0.25,0.0,0.43067655807339306,0.0,0.43067655807339306,,0.0,1.0,0.0,1.0
S,ts048,S2,single,,,,,,1,1.0,1.0,1.0,1.0,1.0,1.0,1.0,1.0,1.0,1.0,1.0,1.0,,1.0,1.0,1.0,1.0
S,ts049,S2,single,,,,,,5,0.0,1.0,0.0,1.0,0.0,0.2,0.0,0.2,0.0,0.38685280723454163,0.0,0.38685280723454163,,0.0,1.0,0.0,1.0
S,ts050,S2,single,,,,,,1,1.0,1.0,1.0,1.0,1.0,1.0,1.0,1.0,1.0,1.0,1.0,1.0,,1.0,1.0,1.0,1.0
S,ts051,S2,single,,,,,,,0.0,0.0,0.0,0.0,0.0,0.0,0.0,0.0,0.0,0.0,0.0,0.0,,0.0,0.0,0.0,0.0
S,ts052,S2,single,,,,,,3,0.0,1.0,1.0,1.0,0.0,0.3333333333333333,0.3333333333333333,0.3333333333333333,0.0,0.5,0.5,0.5,,0.0,1.0,1.0,1.0
S,ts053,S2,single,,,,,,1,1.0,1.0,1.0,1.0,1.0,1.0,1.0,1.0,1.0,1.0,1.0,1.0,,1.0,1.0,1.0,1.0
S,ts054,S2,single,,,,,,1,1.0,1.0,1.0,1.0,1.0,1.0,1.0,1.0,1.0,1.0,1.0,1.0,,1.0,1.0,1.0,1.0
S,ts055,S2,single,,,,,,1,1.0,1.0,1.0,1.0,1.0,1.0,1.0,1.0,1.0,1.0,1.0,1.0,,1.0,1.0,1.0,1.0
S,ts056,S2,single,,,,,,1,1.0,1.0,1.0,1.0,1.0,1.0,1.0,1.0,1.0,1.0,1.0,1.0,,1.0,1.0,1.0,1.0
S,ts057,S2,single,,,,,,1,1.0,1.0,1.0,1.0,1.0,1.0,1.0,1.0,1.0,1.0,1.0,1.0,,1.0,1.0,1.0,1.0
S,ts058,S2,single,,,,,,1,1.0,1.0,1.0,1.0,1.0,1.0,1.0,1.0,1.0,1.0,1.0,1.0,,1.0,1.0,1.0,1.0
S,ts059,S2,single,,,,,,,0.0,0.0,0.0,0.0,0.0,0.0,0.0,0.0,0.0,0.0,0.0,0.0,,0.0,0.0,0.0,0.0
S,ts060,S2,single,,,,,,1,1.0,1.0,1.0,1.0,1.0,1.0,1.0,1.0,1.0,1.0,1.0,1.0,,1.0,1.0,1.0,1.0
S,ts061,S2,single,,,,,,1,1.0,1.0,1.0,1.0,1.0,1.0,1.0,1.0,1.0,1.0,1.0,1.0,,1.0,1.0,1.0,1.0
S,ts062,S2,single,,,,,,1,1.0,1.0,1.0,1.0,1.0,1.0,1.0,1.0,1.0,1.0,1.0,1.0,,1.0,1.0,1.0,1.0
S,ts063,S2,single,,,,,,4,0.0,1.0,0.0,1.0,0.0,0.25,0.0,0.25,0.0,0.43067655807339306,0.0,0.43067655807339306,,0.0,1.0,0.0,1.0
S,ts064,S2,single,,,,,,1,1.0,1.0,1.0,1.0,1.0,1.0,1.0,1.0,1.0,1.0,1.0,1.0,,1.0,1.0,1.0,1.0
S,ts065,S2,single,,,,,,,0.0,0.0,0.0,0.0,0.0,0.0,0.0,0.0,0.0,0.0,0.0,0.0,,0.0,0.0,0.0,0.0
S,ts066,S2,single,,,,,,,0.0,0.0,0.0,0.0,0.0,0.0,0.0,0.0,0.0,0.0,0.0,0.0,,0.0,0.0,0.0,0.0
S,ts067,S2,single,,,,,,1,1.0,1.0,1.0,1.0,1.0,1.0,1.0,1.0,1.0,1.0,1.0,1.0,,1.0,1.0,1.0,1.0
S,ts068,S2,single,,,,,,1,1.0,1.0,1.0,1.0,1.0,1.0,1.0,1.0,1.0,1.0,1.0,1.0,,1.0,1.0,1.0,1.0
S,ts069,S2,single,,,,,,,0.0,0.0,0.0,0.0,0.0,0.0,0.0,0.0,0.0,0.0,0.0,0.0,,0.0,0.0,0.0,0.0
S,ts070,S2,single,,,,,,1,1.0,1.0,1.0,1.0,1.0,1.0,1.0,1.0,1.0,1.0,1.0,1.0,,1.0,1.0,1.0,1.0
S,ts071,S2,single,,,,,,1,1.0,1.0,1.0,1.0,1.0,1.0,1.0,1.0,1.0,1.0,1.0,1.0,,1.0,1.0,1.0,1.0
S,ts072,S2,single,,,,,,5,0.0,1.0,0.0,1.0,0.0,0.2,0.0,0.2,0.0,0.38685280723454163,0.0,0.38685280723454163,,0.0,1.0,0.0,1.0
S,ts073,S2,single,,,,,,1,1.0,1.0,1.0,1.0,1.0,1.0,1.0,1.0,1.0,1.0,1.0,1.0,,1.0,1.0,1.0,1.0
S,ts074,S2,single,,,,,,,0.0,0.0,0.0,0.0,0.0,0.0,0.0,0.0,0.0,0.0,0.0,0.0,,0.0,0.0,0.0,0.0
S,ts075,S2,single,,,,,,5,0.0,1.0,0.0,1.0,0.0,0.2,0.0,0.2,0.0,0.38685280723454163,0.0,0.38685280723454163,,0.0,1.0,0.0,1.0
S,ts076,S2,single,,,,,,,0.0,0.0,0.0,0.0,0.0,0.0,0.0,0.0,0.0,0.0,0.0,0.0,,0.0,0.0,0.0,0.0
S,ts077,S2,single,,,,,,,0.0,0.0,0.0,0.0,0.0,0.0,0.0,0.0,0.0,0.0,0.0,0.0,,0.0,0.0,0.0,0.0
S,ts078,S2,single,,,,,,,0.0,0.0,0.0,0.0,0.0,0.0,0.0,0.0,0.0,0.0,0.0,0.0,,0.0,0.0,0.0,0.0
S,ts079,S2,single,,,,,,1,1.0,1.0,1.0,1.0,1.0,1.0,1.0,1.0,1.0,1.0,1.0,1.0,,1.0,1.0,1.0,1.0
S,ts080,S2,single,,,,,,2,0.0,1.0,1.0,1.0,0.0,0.5,0.5,0.5,0.0,0.6309297535714575,0.6309297535714575,0.6309297535714575,,0.0,1.0,1.0,1.0
S,ts081,S2,single,,,,,,10,0.0,1.0,0.0,0.0,0.0,0.1,0.0,0.0,0.0,0.2890648263178879,0.0,0.0,,0.0,1.0,0.0,0.0
S,ts082,S2,single,,,,,,2,0.0,1.0,1.0,1.0,0.0,0.5,0.5,0.5,0.0,0.6309297535714575,0.6309297535714575,0.6309297535714575,,0.0,1.0,1.0,1.0
S,ts083,S2,single,,,,,,1,1.0,1.0,1.0,1.0,1.0,1.0,1.0,1.0,1.0,1.0,1.0,1.0,,1.0,1.0,1.0,1.0
S,ts084,S2,single,,,,,,1,1.0,1.0,1.0,1.0,1.0,1.0,1.0,1.0,1.0,1.0,1.0,1.0,,1.0,1.0,1.0,1.0
S,ts085,S2,single,,,,,,1,1.0,1.0,1.0,1.0,1.0,1.0,1.0,1.0,1.0,1.0,1.0,1.0,,1.0,1.0,1.0,1.0
S,ts086,S2,single,,,,,,1,1.0,1.0,1.0,1.0,1.0,1.0,1.0,1.0,1.0,1.0,1.0,1.0,,1.0,1.0,1.0,1.0
S,ts087,S2,single,,,,,,3,0.0,1.0,1.0,1.0,0.0,0.3333333333333333,0.3333333333333333,0.3333333333333333,0.0,0.5,0.5,0.5,,0.0,1.0,1.0,1.0
S,ts088,S2,single,,,,,,,0.0,0.0,0.0,0.0,0.0,0.0,0.0,0.0,0.0,0.0,0.0,0.0,,0.0,0.0,0.0,0.0
S,ts089,S2,single,,,,,,1,1.0,1.0,1.0,1.0,1.0,1.0,1.0,1.0,1.0,1.0,1.0,1.0,,1.0,1.0,1.0,1.0
S,ts090,S2,single,,,,,,1,1.0,1.0,1.0,1.0,1.0,1.0,1.0,1.0,1.0,1.0,1.0,1.0,,1.0,1.0,1.0,1.0
S,ts091,S2,single,,,,,,1,1.0,1.0,1.0,1.0,1.0,1.0,1.0,1.0,1.0,1.0,1.0,1.0,,1.0,1.0,1.0,1.0
S,ts092,S2,single,,,,,,,0.0,0.0,0.0,0.0,0.0,0.0,0.0,0.0,0.0,0.0,0.0,0.0,,0.0,0.0,0.0,0.0
S,ts093,S2,single,,,,,,1,1.0,1.0,1.0,1.0,1.0,1.0,1.0,1.0,1.0,1.0,1.0,1.0,,1.0,1.0,1.0,1.0
S,ts094,S2,single,,,,,,,0.0,0.0,0.0,0.0,0.0,0.0,0.0,0.0,0.0,0.0,0.0,0.0,,0.0,0.0,0.0,0.0
S,ts095,S2,single,,,,,,,0.0,0.0,0.0,0.0,0.0,0.0,0.0,0.0,0.0,0.0,0.0,0.0,,0.0,0.0,0.0,0.0
S,ts096,S2,single,,,,,,7,0.0,1.0,0.0,0.0,0.0,0.14285714285714285,0.0,0.0,0.0,0.3333333333333333,0.0,0.0,,0.0,1.0,0.0,0.0
S,ts097,S2,single,,,,,,1,1.0,1.0,1.0,1.0,1.0,1.0,1.0,1.0,1.0,1.0,1.0,1.0,,1.0,1.0,1.0,1.0
S,ts098,S2,single,,,,,,1,1.0,1.0,1.0,1.0,1.0,1.0,1.0,1.0,1.0,1.0,1.0,1.0,,1.0,1.0,1.0,1.0
S,ts099,S2,single,,,,,,1,1.0,1.0,1.0,1.0,1.0,1.0,1.0,1.0,1.0,1.0,1.0,1.0,,1.0,1.0,1.0,1.0
S,ts100,S2,single,,,,,,,0.0,0.0,0.0,0.0,0.0,0.0,0.0,0.0,0.0,0.0,0.0,0.0,,0.0,0.0,0.0,0.0
S,tm001,S2,multi,,,,,,2,0.0,0.0,0.0,0.0,0.0,0.5,0.5,0.5,0.0,0.38685280723454163,0.38685280723454163,0.38685280723454163,,0.0,0.5,0.5,0.5
S,tm002,S2,multi,,,,,,,0.0,0.0,0.0,0.0,0.0,0.0,0.0,0.0,0.0,0.0,0.0,0.0,,0.0,0.0,0.0,0.0
S,tm003,S2,multi,,,,,,9,0.0,0.0,0.0,0.0,0.0,0.1111111111111111,0.0,0.0,0.0,0.18457569677956817,0.0,0.0,,0.0,0.5,0.0,0.0
S,tm004,S2,multi,,,,,,8,0.0,0.0,0.0,0.0,0.0,0.125,0.0,0.0,0.0,0.19342640361727081,0.0,0.0,,0.0,0.5,0.0,0.0
S,tm005,S2,multi,,,,,,1,0.0,0.0,0.0,0.0,1.0,1.0,1.0,1.0,1.0,0.6131471927654584,0.6131471927654584,0.6131471927654584,,0.5,0.5,0.5,0.5
S,tm006,S2,multi,,,,,,,0.0,0.0,0.0,0.0,0.0,0.0,0.0,0.0,0.0,0.0,0.0,0.0,,0.0,0.0,0.0,0.0
S,tm007,S2,multi,,,,,,,0.0,0.0,0.0,0.0,0.0,0.0,0.0,0.0,0.0,0.0,0.0,0.0,,0.0,0.0,0.0,0.0
S,tm008,S2,multi,,,,,,6,0.0,0.0,0.0,0.0,0.0,0.16666666666666666,0.0,0.0,0.0,0.21840743681816419,0.0,0.0,,0.0,0.5,0.0,0.0
S,tm009,S2,multi,,,,,,2,0.0,0.0,0.0,0.0,0.0,0.5,0.5,0.5,0.0,0.38685280723454163,0.38685280723454163,0.38685280723454163,,0.0,0.5,0.5,0.5
S,tm010,S2,multi,,,,,,10,0.0,0.0,0.0,0.0,0.0,0.1,0.0,0.0,0.0,0.17723928678404774,0.0,0.0,,0.0,0.5,0.0,0.0
S,tm011,S2,multi,,,,,,,0.0,0.0,0.0,0.0,0.0,0.0,0.0,0.0,0.0,0.0,0.0,0.0,,0.0,0.0,0.0,0.0
S,tm012,S2,multi,,,,,,4,0.0,0.0,0.0,0.0,0.0,0.25,0.0,0.25,0.0,0.2640681225725909,0.0,0.2640681225725909,,0.0,0.5,0.0,0.5
S,tm013,S2,multi,,,,,,2,0.0,0.0,0.0,0.0,0.0,0.5,0.5,0.5,0.0,0.38685280723454163,0.38685280723454163,0.38685280723454163,,0.0,0.5,0.5,0.5
S,tm014,S2,multi,,,,,,2,0.0,0.0,0.0,0.0,0.0,0.5,0.5,0.5,0.0,0.38685280723454163,0.38685280723454163,0.38685280723454163,,0.0,0.5,0.5,0.5
S,tm015,S2,multi,,,,,,1,0.0,1.0,1.0,1.0,1.0,1.0,1.0,1.0,1.0,0.9197207891481876,0.9197207891481876,0.9197207891481876,,0.5,1.0,1.0,1.0
S,tm016,S2,multi,,,,,,1,0.0,1.0,0.0,0.0,1.0,1.0,1.0,1.0,1.0,0.7903864795495061,0.6131471927654584,0.6131471927654584,,0.5,1.0,0.5,0.5
S,tm017,S2,multi,,,,,,1,0.0,0.0,0.0,0.0,1.0,1.0,1.0,1.0,1.0,0.6131471927654584,0.6131471927654584,0.6131471927654584,,0.5,0.5,0.5,0.5
S,tm018,S2,multi,,,,,,1,0.0,0.0,0.0,0.0,1.0,1.0,1.0,1.0,1.0,0.6131471927654584,0.6131471927654584,0.6131471927654584,,0.5,0.5,0.5,0.5
S,tm019,S2,multi,,,,,,1,0.0,1.0,0.0,1.0,1.0,1.0,1.0,1.0,1.0,0.8772153153380493,0.6131471927654584,0.8772153153380493,,0.5,1.0,0.5,1.0
S,tm020,S2,multi,,,,,,,0.0,0.0,0.0,0.0,0.0,0.0,0.0,0.0,0.0,0.0,0.0,0.0,,0.0,0.0,0.0,0.0
C2-nodiv,ts001,S2,single,,,,,,2,0.0,1.0,1.0,1.0,0.0,0.5,0.5,0.5,0.0,0.5802792108518124,0.38685280723454163,0.38685280723454163,,0.0,1.0,1.0,1.0
C2-nodiv,ts002,S2,single,,,,,,3,0.0,1.0,1.0,1.0,0.0,0.3333333333333333,0.3333333333333333,0.3333333333333333,0.0,0.5,0.5,0.5,,0.0,1.0,1.0,1.0
C2-nodiv,ts003,S2,single,,,,,,1,1.0,1.0,1.0,1.0,1.0,1.0,1.0,1.0,1.0,0.6131471927654584,0.6131471927654584,0.6131471927654584,,1.0,1.0,1.0,1.0
C2-nodiv,ts004,S2,single,,,,,,1,1.0,1.0,1.0,1.0,1.0,1.0,1.0,1.0,1.0,1.0,1.0,1.0,,1.0,1.0,1.0,1.0
C2-nodiv,ts005,S2,single,,,,,,1,1.0,1.0,1.0,1.0,1.0,1.0,1.0,1.0,1.0,1.0,1.0,1.0,,1.0,1.0,1.0,1.0
C2-nodiv,ts006,S2,single,,,,,,1,1.0,1.0,1.0,1.0,1.0,1.0,1.0,1.0,1.0,1.0,1.0,1.0,,1.0,1.0,1.0,1.0
C2-nodiv,ts007,S2,single,,,,,,1,1.0,1.0,1.0,1.0,1.0,1.0,1.0,1.0,1.0,1.0,1.0,1.0,,1.0,1.0,1.0,1.0
C2-nodiv,ts008,S2,single,,,,,,1,1.0,1.0,1.0,1.0,1.0,1.0,1.0,1.0,1.0,0.6131471927654584,0.6131471927654584,0.6131471927654584,,1.0,1.0,1.0,1.0
C2-nodiv,ts009,S2,single,,,,,,,0.0,0.0,0.0,0.0,0.0,0.0,0.0,0.0,0.0,0.0,0.0,0.0,,0.0,0.0,0.0,0.0
C2-nodiv,ts010,S2,single,,,,,,2,0.0,1.0,1.0,1.0,0.0,0.5,0.5,0.5,0.0,0.38685280723454163,0.38685280723454163,0.38685280723454163,,0.0,1.0,1.0,1.0
C2-nodiv,ts011,S2,single,,,,,,6,0.0,1.0,0.0,0.0,0.0,0.16666666666666666,0.0,0.0,0.0,0.3562071871080222,0.0,0.0,,0.0,1.0,0.0,0.0
C2-nodiv,ts012,S2,single,,,,,,2,0.0,1.0,1.0,1.0,0.0,0.5,0.5,0.5,0.0,0.6309297535714575,0.6309297535714575,0.6309297535714575,,0.0,1.0,1.0,1.0
C2-nodiv,ts013,S2,single,,,,,,1,1.0,1.0,1.0,1.0,1.0,1.0,1.0,1.0,1.0,0.6131471927654584,0.6131471927654584,0.6131471927654584,,1.0,1.0,1.0,1.0
C2-nodiv,ts014,S2,single,,,,,,1,1.0,1.0,1.0,1.0,1.0,1.0,1.0,1.0,1.0,1.0,1.0,1.0,,1.0,1.0,1.0,1.0
C2-nodiv,ts015,S2,single,,,,,,1,1.0,1.0,1.0,1.0,1.0,1.0,1.0,1.0,1.0,1.0,1.0,1.0,,1.0,1.0,1.0,1.0
C2-nodiv,ts016,S2,single,,,,,,1,1.0,1.0,1.0,1.0,1.0,1.0,1.0,1.0,1.0,1.0,1.0,1.0,,1.0,1.0,1.0,1.0
C2-nodiv,ts017,S2,single,,,,,,1,1.0,1.0,1.0,1.0,1.0,1.0,1.0,1.0,1.0,0.6131471927654584,0.6131471927654584,0.6131471927654584,,1.0,1.0,1.0,1.0
C2-nodiv,ts018,S2,single,,,,,,1,1.0,1.0,1.0,1.0,1.0,1.0,1.0,1.0,1.0,0.6131471927654584,0.6131471927654584,0.6131471927654584,,1.0,1.0,1.0,1.0
C2-nodiv,ts019,S2,single,,,,,,,0.0,0.0,0.0,0.0,0.0,0.0,0.0,0.0,0.0,0.0,0.0,0.0,,0.0,0.0,0.0,0.0
C2-nodiv,ts020,S2,single,,,,,,1,1.0,1.0,1.0,1.0,1.0,1.0,1.0,1.0,1.0,1.0,1.0,1.0,,1.0,1.0,1.0,1.0
C2-nodiv,ts021,S2,single,,,,,,6,0.0,1.0,0.0,0.0,0.0,0.16666666666666666,0.0,0.0,0.0,0.3562071871080222,0.0,0.0,,0.0,1.0,0.0,0.0
C2-nodiv,ts022,S2,single,,,,,,1,1.0,1.0,1.0,1.0,1.0,1.0,1.0,1.0,1.0,0.8315546295836225,0.6131471927654584,0.6131471927654584,,1.0,1.0,1.0,1.0
C2-nodiv,ts023,S2,single,,,,,,1,1.0,1.0,1.0,1.0,1.0,1.0,1.0,1.0,1.0,1.0,1.0,1.0,,1.0,1.0,1.0,1.0
C2-nodiv,ts024,S2,single,,,,,,1,1.0,1.0,1.0,1.0,1.0,1.0,1.0,1.0,1.0,1.0,1.0,1.0,,1.0,1.0,1.0,1.0
C2-nodiv,ts025,S2,single,,,,,,,0.0,0.0,0.0,0.0,0.0,0.0,0.0,0.0,0.0,0.0,0.0,0.0,,0.0,0.0,0.0,0.0
C2-nodiv,ts026,S2,single,,,,,,9,0.0,1.0,0.0,0.0,0.0,0.1111111111111111,0.0,0.0,0.0,0.3010299956639812,0.0,0.0,,0.0,1.0,0.0,0.0
C2-nodiv,ts027,S2,single,,,,,,1,1.0,1.0,1.0,1.0,1.0,1.0,1.0,1.0,1.0,1.0,1.0,1.0,,1.0,1.0,1.0,1.0
C2-nodiv,ts028,S2,single,,,,,,2,0.0,1.0,1.0,1.0,0.0,0.5,0.5,0.5,0.0,0.6309297535714575,0.6309297535714575,0.6309297535714575,,0.0,1.0,1.0,1.0
C2-nodiv,ts029,S2,single,,,,,,1,1.0,1.0,1.0,1.0,1.0,1.0,1.0,1.0,1.0,1.0,1.0,1.0,,1.0,1.0,1.0,1.0
C2-nodiv,ts030,S2,single,,,,,,1,1.0,1.0,1.0,1.0,1.0,1.0,1.0,1.0,1.0,1.0,1.0,1.0,,1.0,1.0,1.0,1.0
C2-nodiv,ts031,S2,single,,,,,,1,1.0,1.0,1.0,1.0,1.0,1.0,1.0,1.0,1.0,1.0,1.0,1.0,,1.0,1.0,1.0,1.0
C2-nodiv,ts032,S2,single,,,,,,1,1.0,1.0,1.0,1.0,1.0,1.0,1.0,1.0,1.0,1.0,1.0,1.0,,1.0,1.0,1.0,1.0
C2-nodiv,ts033,S2,single,,,,,,4,0.0,1.0,0.0,1.0,0.0,0.25,0.0,0.25,0.0,0.2640681225725909,0.0,0.2640681225725909,,0.0,1.0,0.0,1.0
C2-nodiv,ts034,S2,single,,,,,,2,0.0,1.0,1.0,1.0,0.0,0.5,0.5,0.5,0.0,0.6309297535714575,0.6309297535714575,0.6309297535714575,,0.0,1.0,1.0,1.0
C2-nodiv,ts035,S2,single,,,,,,1,1.0,1.0,1.0,1.0,1.0,1.0,1.0,1.0,1.0,1.0,1.0,1.0,,1.0,1.0,1.0,1.0
C2-nodiv,ts036,S2,single,,,,,,1,1.0,1.0,1.0,1.0,1.0,1.0,1.0,1.0,1.0,1.0,1.0,1.0,,1.0,1.0,1.0,1.0
C2-nodiv,ts037,S2,single,,,,,,1,1.0,1.0,1.0,1.0,1.0,1.0,1.0,1.0,1.0,1.0,1.0,1.0,,1.0,1.0,1.0,1.0
C2-nodiv,ts038,S2,single,,,,,,1,1.0,1.0,1.0,1.0,1.0,1.0,1.0,1.0,1.0,1.0,1.0,1.0,,1.0,1.0,1.0,1.0
C2-nodiv,ts039,S2,single,,,,,,1,1.0,1.0,1.0,1.0,1.0,1.0,1.0,1.0,1.0,1.0,1.0,1.0,,1.0,1.0,1.0,1.0
C2-nodiv,ts040,S2,single,,,,,,1,1.0,1.0,1.0,1.0,1.0,1.0,1.0,1.0,1.0,0.6131471927654584,0.6131471927654584,0.6131471927654584,,1.0,1.0,1.0,1.0
C2-nodiv,ts041,S2,single,,,,,,1,1.0,1.0,1.0,1.0,1.0,1.0,1.0,1.0,1.0,1.0,1.0,1.0,,1.0,1.0,1.0,1.0
C2-nodiv,ts042,S2,single,,,,,,4,0.0,1.0,0.0,1.0,0.0,0.25,0.0,0.25,0.0,0.43067655807339306,0.0,0.43067655807339306,,0.0,1.0,0.0,1.0
C2-nodiv,ts043,S2,single,,,,,,,0.0,0.0,0.0,0.0,0.0,0.0,0.0,0.0,0.0,0.0,0.0,0.0,,0.0,0.0,0.0,0.0
C2-nodiv,ts044,S2,single,,,,,,,0.0,0.0,0.0,0.0,0.0,0.0,0.0,0.0,0.0,0.0,0.0,0.0,,0.0,0.0,0.0,0.0
C2-nodiv,ts045,S2,single,,,,,,1,1.0,1.0,1.0,1.0,1.0,1.0,1.0,1.0,1.0,1.0,1.0,1.0,,1.0,1.0,1.0,1.0
C2-nodiv,ts046,S2,single,,,,,,1,1.0,1.0,1.0,1.0,1.0,1.0,1.0,1.0,1.0,1.0,1.0,1.0,,1.0,1.0,1.0,1.0
C2-nodiv,ts047,S2,single,,,,,,1,1.0,1.0,1.0,1.0,1.0,1.0,1.0,1.0,1.0,1.0,1.0,1.0,,1.0,1.0,1.0,1.0
C2-nodiv,ts048,S2,single,,,,,,1,1.0,1.0,1.0,1.0,1.0,1.0,1.0,1.0,1.0,1.0,1.0,1.0,,1.0,1.0,1.0,1.0
C2-nodiv,ts049,S2,single,,,,,,1,1.0,1.0,1.0,1.0,1.0,1.0,1.0,1.0,1.0,1.0,1.0,1.0,,1.0,1.0,1.0,1.0
C2-nodiv,ts050,S2,single,,,,,,1,1.0,1.0,1.0,1.0,1.0,1.0,1.0,1.0,1.0,1.0,1.0,1.0,,1.0,1.0,1.0,1.0
C2-nodiv,ts051,S2,single,,,,,,,0.0,0.0,0.0,0.0,0.0,0.0,0.0,0.0,0.0,0.0,0.0,0.0,,0.0,0.0,0.0,0.0
C2-nodiv,ts052,S2,single,,,,,,1,1.0,1.0,1.0,1.0,1.0,1.0,1.0,1.0,1.0,1.0,1.0,1.0,,1.0,1.0,1.0,1.0
C2-nodiv,ts053,S2,single,,,,,,,0.0,0.0,0.0,0.0,0.0,0.0,0.0,0.0,0.0,0.0,0.0,0.0,,0.0,0.0,0.0,0.0
C2-nodiv,ts054,S2,single,,,,,,1,1.0,1.0,1.0,1.0,1.0,1.0,1.0,1.0,1.0,1.0,1.0,1.0,,1.0,1.0,1.0,1.0
C2-nodiv,ts055,S2,single,,,,,,1,1.0,1.0,1.0,1.0,1.0,1.0,1.0,1.0,1.0,1.0,1.0,1.0,,1.0,1.0,1.0,1.0
C2-nodiv,ts056,S2,single,,,,,,2,0.0,1.0,1.0,1.0,0.0,0.5,0.5,0.5,0.0,0.6309297535714575,0.6309297535714575,0.6309297535714575,,0.0,1.0,1.0,1.0
C2-nodiv,ts057,S2,single,,,,,,1,1.0,1.0,1.0,1.0,1.0,1.0,1.0,1.0,1.0,1.0,1.0,1.0,,1.0,1.0,1.0,1.0
C2-nodiv,ts058,S2,single,,,,,,1,1.0,1.0,1.0,1.0,1.0,1.0,1.0,1.0,1.0,1.0,1.0,1.0,,1.0,1.0,1.0,1.0
C2-nodiv,ts059,S2,single,,,,,,2,0.0,1.0,1.0,1.0,0.0,0.5,0.5,0.5,0.0,0.6309297535714575,0.6309297535714575,0.6309297535714575,,0.0,1.0,1.0,1.0
C2-nodiv,ts060,S2,single,,,,,,1,1.0,1.0,1.0,1.0,1.0,1.0,1.0,1.0,1.0,1.0,1.0,1.0,,1.0,1.0,1.0,1.0
C2-nodiv,ts061,S2,single,,,,,,,0.0,0.0,0.0,0.0,0.0,0.0,0.0,0.0,0.0,0.0,0.0,0.0,,0.0,0.0,0.0,0.0
C2-nodiv,ts062,S2,single,,,,,,1,1.0,1.0,1.0,1.0,1.0,1.0,1.0,1.0,1.0,1.0,1.0,1.0,,1.0,1.0,1.0,1.0
C2-nodiv,ts063,S2,single,,,,,,3,0.0,1.0,1.0,1.0,0.0,0.3333333333333333,0.3333333333333333,0.3333333333333333,0.0,0.5,0.5,0.5,,0.0,1.0,1.0,1.0
C2-nodiv,ts064,S2,single,,,,,,1,1.0,1.0,1.0,1.0,1.0,1.0,1.0,1.0,1.0,1.0,1.0,1.0,,1.0,1.0,1.0,1.0
C2-nodiv,ts065,S2,single,,,,,,1,1.0,1.0,1.0,1.0,1.0,1.0,1.0,1.0,1.0,1.0,1.0,1.0,,1.0,1.0,1.0,1.0
C2-nodiv,ts066,S2,single,,,,,,,0.0,0.0,0.0,0.0,0.0,0.0,0.0,0.0,0.0,0.0,0.0,0.0,,0.0,0.0,0.0,0.0
C2-nodiv,ts067,S2,single,,,,,,10,0.0,1.0,0.0,0.0,0.0,0.1,0.0,0.0,0.0,0.2890648263178879,0.0,0.0,,0.0,1.0,0.0,0.0
C2-nodiv,ts068,S2,single,,,,,,1,1.0,1.0,1.0,1.0,1.0,1.0,1.0,1.0,1.0,1.0,1.0,1.0,,1.0,1.0,1.0,1.0
C2-nodiv,ts069,S2,single,,,,,,2,0.0,1.0,1.0,1.0,0.0,0.5,0.5,0.5,0.0,0.6309297535714575,0.6309297535714575,0.6309297535714575,,0.0,1.0,1.0,1.0
C2-nodiv,ts070,S2,single,,,,,,1,1.0,1.0,1.0,1.0,1.0,1.0,1.0,1.0,1.0,1.0,1.0,1.0,,1.0,1.0,1.0,1.0
C2-nodiv,ts071,S2,single,,,,,,1,1.0,1.0,1.0,1.0,1.0,1.0,1.0,1.0,1.0,1.0,1.0,1.0,,1.0,1.0,1.0,1.0
C2-nodiv,ts072,S2,single,,,,,,1,1.0,1.0,1.0,1.0,1.0,1.0,1.0,1.0,1.0,1.0,1.0,1.0,,1.0,1.0,1.0,1.0
C2-nodiv,ts073,S2,single,,,,,,2,0.0,1.0,1.0,1.0,0.0,0.5,0.5,0.5,0.0,0.6309297535714575,0.6309297535714575,0.6309297535714575,,0.0,1.0,1.0,1.0
C2-nodiv,ts074,S2,single,,,,,,,0.0,0.0,0.0,0.0,0.0,0.0,0.0,0.0,0.0,0.0,0.0,0.0,,0.0,0.0,0.0,0.0
C2-nodiv,ts075,S2,single,,,,,,2,0.0,1.0,1.0,1.0,0.0,0.5,0.5,0.5,0.0,0.6309297535714575,0.6309297535714575,0.6309297535714575,,0.0,1.0,1.0,1.0
C2-nodiv,ts076,S2,single,,,,,,3,0.0,1.0,1.0,1.0,0.0,0.3333333333333333,0.3333333333333333,0.3333333333333333,0.0,0.5,0.5,0.5,,0.0,1.0,1.0,1.0
C2-nodiv,ts077,S2,single,,,,,,,0.0,0.0,0.0,0.0,0.0,0.0,0.0,0.0,0.0,0.0,0.0,0.0,,0.0,0.0,0.0,0.0
C2-nodiv,ts078,S2,single,,,,,,,0.0,0.0,0.0,0.0,0.0,0.0,0.0,0.0,0.0,0.0,0.0,0.0,,0.0,0.0,0.0,0.0
C2-nodiv,ts079,S2,single,,,,,,1,1.0,1.0,1.0,1.0,1.0,1.0,1.0,1.0,1.0,1.0,1.0,1.0,,1.0,1.0,1.0,1.0
C2-nodiv,ts080,S2,single,,,,,,3,0.0,1.0,1.0,1.0,0.0,0.3333333333333333,0.3333333333333333,0.3333333333333333,0.0,0.5,0.5,0.5,,0.0,1.0,1.0,1.0
C2-nodiv,ts081,S2,single,,,,,,,0.0,0.0,0.0,0.0,0.0,0.0,0.0,0.0,0.0,0.0,0.0,0.0,,0.0,0.0,0.0,0.0
C2-nodiv,ts082,S2,single,,,,,,2,0.0,1.0,1.0,1.0,0.0,0.5,0.5,0.5,0.0,0.6309297535714575,0.6309297535714575,0.6309297535714575,,0.0,1.0,1.0,1.0
C2-nodiv,ts083,S2,single,,,,,,1,1.0,1.0,1.0,1.0,1.0,1.0,1.0,1.0,1.0,0.6131471927654584,0.6131471927654584,0.6131471927654584,,1.0,1.0,1.0,1.0
C2-nodiv,ts084,S2,single,,,,,,1,1.0,1.0,1.0,1.0,1.0,1.0,1.0,1.0,1.0,0.6131471927654584,0.6131471927654584,0.6131471927654584,,1.0,1.0,1.0,1.0
C2-nodiv,ts085,S2,single,,,,,,1,1.0,1.0,1.0,1.0,1.0,1.0,1.0,1.0,1.0,1.0,1.0,1.0,,1.0,1.0,1.0,1.0
C2-nodiv,ts086,S2,single,,,,,,1,1.0,1.0,1.0,1.0,1.0,1.0,1.0,1.0,1.0,0.8315546295836225,0.6131471927654584,0.6131471927654584,,1.0,1.0,1.0,1.0
C2-nodiv,ts087,S2,single,,,,,,3,0.0,1.0,1.0,1.0,0.0,0.3333333333333333,0.3333333333333333,0.3333333333333333,0.0,0.5,0.5,0.5,,0.0,1.0,1.0,1.0
C2-nodiv,ts088,S2,single,,,,,,,0.0,0.0,0.0,0.0,0.0,0.0,0.0,0.0,0.0,0.0,0.0,0.0,,0.0,0.0,0.0,0.0
C2-nodiv,ts089,S2,single,,,,,,1,1.0,1.0,1.0,1.0,1.0,1.0,1.0,1.0,1.0,1.0,1.0,1.0,,1.0,1.0,1.0,1.0
C2-nodiv,ts090,S2,single,,,,,,1,1.0,1.0,1.0,1.0,1.0,1.0,1.0,1.0,1.0,1.0,1.0,1.0,,1.0,1.0,1.0,1.0
C2-nodiv,ts091,S2,single,,,,,,1,1.0,1.0,1.0,1.0,1.0,1.0,1.0,1.0,1.0,1.0,1.0,1.0,,1.0,1.0,1.0,1.0
C2-nodiv,ts092,S2,single,,,,,,1,1.0,1.0,1.0,1.0,1.0,1.0,1.0,1.0,1.0,1.0,1.0,1.0,,1.0,1.0,1.0,1.0
C2-nodiv,ts093,S2,single,,,,,,1,1.0,1.0,1.0,1.0,1.0,1.0,1.0,1.0,1.0,1.0,1.0,1.0,,1.0,1.0,1.0,1.0
C2-nodiv,ts094,S2,single,,,,,,,0.0,0.0,0.0,0.0,0.0,0.0,0.0,0.0,0.0,0.0,0.0,0.0,,0.0,0.0,0.0,0.0
C2-nodiv,ts095,S2,single,,,,,,,0.0,0.0,0.0,0.0,0.0,0.0,0.0,0.0,0.0,0.0,0.0,0.0,,0.0,0.0,0.0,0.0
C2-nodiv,ts096,S2,single,,,,,,1,1.0,1.0,1.0,1.0,1.0,1.0,1.0,1.0,1.0,1.0,1.0,1.0,,1.0,1.0,1.0,1.0
C2-nodiv,ts097,S2,single,,,,,,2,0.0,1.0,1.0,1.0,0.0,0.5,0.5,0.5,0.0,0.6309297535714575,0.6309297535714575,0.6309297535714575,,0.0,1.0,1.0,1.0
C2-nodiv,ts098,S2,single,,,,,,,0.0,0.0,0.0,0.0,0.0,0.0,0.0,0.0,0.0,0.0,0.0,0.0,,0.0,0.0,0.0,0.0
C2-nodiv,ts099,S2,single,,,,,,1,1.0,1.0,1.0,1.0,1.0,1.0,1.0,1.0,1.0,1.0,1.0,1.0,,1.0,1.0,1.0,1.0
C2-nodiv,ts100,S2,single,,,,,,1,1.0,1.0,1.0,1.0,1.0,1.0,1.0,1.0,1.0,0.6131471927654584,0.6131471927654584,0.6131471927654584,,1.0,1.0,1.0,1.0
C2-nodiv,tm001,S2,multi,,,,,,6,0.0,0.0,0.0,0.0,0.0,0.16666666666666666,0.0,0.0,0.0,0.21840743681816419,0.0,0.0,,0.0,0.5,0.0,0.0
C2-nodiv,tm002,S2,multi,,,,,,,0.0,0.0,0.0,0.0,0.0,0.0,0.0,0.0,0.0,0.0,0.0,0.0,,0.0,0.0,0.0,0.0
C2-nodiv,tm003,S2,multi,,,,,,1,0.0,0.0,0.0,0.0,1.0,1.0,1.0,1.0,1.0,0.6131471927654584,0.6131471927654584,0.6131471927654584,,0.5,0.5,0.5,0.5
C2-nodiv,tm004,S2,multi,,,,,,,0.0,0.0,0.0,0.0,0.0,0.0,0.0,0.0,0.0,0.0,0.0,0.0,,0.0,0.0,0.0,0.0
C2-nodiv,tm005,S2,multi,,,,,,,0.0,0.0,0.0,0.0,0.0,0.0,0.0,0.0,0.0,0.0,0.0,0.0,,0.0,0.0,0.0,0.0
C2-nodiv,tm006,S2,multi,,,,,,1,0.0,1.0,1.0,1.0,1.0,1.0,1.0,1.0,1.0,0.9197207891481876,0.9197207891481876,0.9197207891481876,,0.5,1.0,1.0,1.0
C2-nodiv,tm007,S2,multi,,,,,,1,0.0,0.0,0.0,0.0,1.0,1.0,1.0,1.0,1.0,0.46927872602275644,0.46927872602275644,0.46927872602275644,,0.5,0.5,0.5,0.5
C2-nodiv,tm008,S2,multi,,,,,,6,0.0,1.0,0.0,0.0,0.0,0.16666666666666666,0.0,0.0,0.0,0.41183384043543503,0.0,0.0,,0.0,1.0,0.0,0.0
C2-nodiv,tm009,S2,multi,,,,,,2,0.0,1.0,0.0,1.0,0.0,0.5,0.5,0.5,0.0,0.6240505200038379,0.38685280723454163,0.6240505200038379,,0.0,1.0,0.5,1.0
C2-nodiv,tm010,S2,multi,,,,,,,0.0,0.0,0.0,0.0,0.0,0.0,0.0,0.0,0.0,0.0,0.0,0.0,,0.0,0.0,0.0,0.0
C2-nodiv,tm011,S2,multi,,,,,,2,0.0,0.0,0.0,0.0,0.0,0.5,0.5,0.5,0.0,0.2960819109658652,0.2960819109658652,0.2960819109658652,,0.0,0.5,0.5,0.5
C2-nodiv,tm012,S2,multi,,,,,,1,0.0,1.0,0.0,0.0,1.0,1.0,1.0,1.0,1.0,0.617319681505689,0.46927872602275644,0.46927872602275644,,0.5,1.0,0.5,0.5
C2-nodiv,tm013,S2,multi,,,,,,1,0.0,1.0,1.0,1.0,1.0,1.0,1.0,1.0,1.0,0.9197207891481876,0.9197207891481876,0.9197207891481876,,0.5,1.0,1.0,1.0
C2-nodiv,tm014,S2,multi,,,,,,4,0.0,1.0,0.0,0.0,0.0,0.25,0.0,0.25,0.0,0.3501483019834802,0.0,0.20210734650054757,,0.0,1.0,0.0,0.5
C2-nodiv,tm015,S2,multi,,,,,,1,0.0,0.0,0.0,0.0,1.0,1.0,1.0,1.0,1.0,0.6131471927654584,0.6131471927654584,0.6131471927654584,,0.5,0.5,0.5,0.5
C2-nodiv,tm016,S2,multi,,,,,,,0.0,0.0,0.0,0.0,0.0,0.0,0.0,0.0,0.0,0.0,0.0,0.0,,0.0,0.0,0.0,0.0
C2-nodiv,tm017,S2,multi,,,,,,1,0.0,0.0,0.0,0.0,1.0,1.0,1.0,1.0,1.0,0.6131471927654584,0.6131471927654584,0.6131471927654584,,0.5,0.5,0.5,0.5
C2-nodiv,tm018,S2,multi,,,,,,1,0.0,1.0,0.0,1.0,1.0,1.0,1.0,1.0,1.0,0.8529278650606567,0.46927872602275644,0.8529278650606567,,0.5,1.0,0.5,1.0
C2-nodiv,tm019,S2,multi,,,,,,1,0.0,0.0,0.0,0.0,1.0,1.0,1.0,1.0,1.0,0.7039180890341347,0.7039180890341347,0.7039180890341347,,0.5,0.5,0.5,0.5
C2-nodiv,tm020,S2,multi,,,,,,,0.0,0.0,0.0,0.0,0.0,0.0,0.0,0.0,0.0,0.0,0.0,0.0,,0.0,0.0,0.0,0.0
C1,ts060,S3,single,no,"In the naturalLI proof system, after assigning a natural logic operator to each aligned claim‑evidence span via question answering, the next step is to **select the overall proof** by combining the answer scores (or projected NatOps) across all candidate proofs. This selection determines the final sequence of relations that yields the claim’s veracity.",yes,no,stop,,,,,,,,,,,,,,"System answer adds unsupported detail about projected NatOps, making it not faithful.",,,,
C1,ts078,S3,single,yes,I cannot find sufficient information in the provided research papers to answer this question.,no,yes,stop,,,,,,,,,,,,,,The system abstained but the gold answer is explicitly stated in the 2023 dataset paper.,,,,
C1,ts092,S3,single,no,The established limit was **one minute per claim on average**; all participating systems stayed below this threshold. [1][2],yes,yes,stop,,,,,,,,,,,,,,System answer matches gold limit and is fully supported by retrieved context.,,,,
C1,ts003,S3,single,no,"The paired objective encourages the verifier to produce a veracity prediction only when sufficient evidence is available, and to abstain rather than maintain the same prediction once the supporting evidence is removed. This counterfactual supervision ensures the verifier revises its behavior when evidence becomes unavailable. [1]",yes,yes,stop,,,,,,,,,,,,,,System answer matches gold answer and is fully supported by retrieved context.,,,,
C1,ts031,S3,single,no,The Markov Chain-based multi‑agent debate approach proposed by Sun et al. (2024) aims to ensure more rigorous verification by enabling collaborative decision‑making among agents based on retrieved evidence. [1],yes,yes,stop,,,,,,,,,,,,,,System answer matches gold answer and is fully supported by retrieved context.,,,,
C1,ts042,S3,single,no,"Stage I of SCoRe is an initialization phase that trains the model to decouple its first‑ and second‑turn behavior: it optimizes second‑attempt accuracy while explicitly constraining the first‑turn distribution to remain close to the base model, thereby preventing collapse to non‑correcting behavior.",yes,yes,stop,,,,,,,,,,,,,,System answer matches gold answer and is fully supported by retrieved context.,,,,
C1,ts005,S3,single,no,The accuracy drops by **3.7 points** when the veracity score \(s_v\) is omitted from the proof selection method. [1],yes,yes,stop,,,,,,,,,,,,,,System answer matches gold answer and is supported by retrieved context.,,,,
C1,ts001,S3,single,no,The initial pool consisted of roughly six thousand claims retrieved via the Google FactCheck Claim Search API. [1],yes,yes,stop,,,,,,,,,,,,,,System answer matches gold answer and is supported by retrieved context.,,,,
C1,ts033,S3,single,no,Natural logic inference constructs proofs by modeling set‑theoretic relations between a claim and its evidence in natural language. [5],yes,yes,stop,,,,,,,,,,,,,,System answer matches gold answer and is supported by retrieved context.,,,,
C1,ts006,S3,single,no,"The models were evaluated on artificial claims using the multi‑hop dataset **Hover** (Jiang et al., 2020) and the Danish dataset **DanFEVER** (Nørregaard and Derczynski, 2021)【2】.",yes,yes,stop,,,,,,,,,,,,,,System answer matches gold answer and is supported by retrieved context [2].,,,,
C1,ts064,S3,single,no,"The Final Answer or Next Search Query function \(f(\cdot)\) in the FIRE framework integrates claim verification with the generation of additional search queries, deciding whether to produce a final answer or to request more evidence. [1][2]",yes,yes,stop,,,,,,,,,,,,,,System answer matches gold answer and is supported by retrieved context.,,,,
C1,ts074,S3,single,yes,I cannot find sufficient information in the provided research papers to answer this question.,yes,yes,stop,,,,,,,,,,,,,,"The gold evidence is not present in the retrieved context, so the system correctly declines to answer.",,,,
C1,ts057,S3,single,no,The number of operations required to relate signals from two arbitrary input or output positions in ConvS2S grows linearly with the distance between those positions [1].,yes,yes,stop,,,,,,,,,,,,,,System answer matches gold answer and is supported by retrieved context.,,,,
C1,ts099,S3,single,no,PASTA achieved an F1 score of **43.56** under this setup. [5],yes,yes,stop,,,,,,,,,,,,,,The system answer states the exact F1 score from the gold evidence and is supported by retrieved context [5].,,,,
C1,ts068,S3,single,no,"Additional NEI training examples are included to reduce the model’s tendency to prematurely assign a verdict of Supported, Refuted, or Conflicting Evidence/Cherry‑picking when the available information is actually insufficient, thereby encouraging the model to correctly label such cases as Not Enough Info [1].",yes,yes,stop,,,,,,,,,,,,,,System answer matches gold answer and is fully supported by retrieved context.,,,,
C1,ts063,S3,single,no,The gold‑claim statistics for MuSiQue were computed over the remaining 885 questions after excluding the 115 that had no atomic gold hop claims.,yes,yes,stop,,,,,,,,,,,,,,"The system answer correctly states that MuSiQue gold‑claim statistics used n=885 after excluding 115 questions with no atomic gold hop claims, which matches the gold answer and is supported by the retrieved context.",,,,
C1,ts016,S3,single,no,The LLM‑assisted annotation pipeline achieved an inter‑annotator agreement of κ = 0.77 on verdicts in the TSVER dataset. [5][6],yes,yes,stop,,,,,,,,,,,,,,System answer matches gold answer and is supported by retrieved context.,,,,
C1,ts015,S3,single,no,"The approach also considers a separate **comparative function class** (e.g., a COMP or DIFF function used for comparisons) in addition to count, sum, diff, average, min, and max. [1][2]",yes,yes,stop,,,,,,,,,,,,,,"System answer correctly states that comparative functions are a separate function class, matching gold answer and supported by retrieved context.",,,,
C1,ts082,S3,single,no,"The approach uses **constrained decoding** to restrict the model’s sampling to only tokens that belong to the original claim, ensuring that the generated claim span appears verbatim in the claim [1][2][4].",yes,yes,stop,,,,,,,,,,,,,,System answer matches gold answer and is supported by retrieved context.,,,,
C1,ts084,S3,single,no,"When there are more gold QA pairs than generated pairs, the unmatched gold pairs receive a score of 0 (the “matched” evidence is the empty string), which lowers the overall average retrieval score. [1]",yes,yes,stop,,,,,,,,,,,,,,System answer matches gold answer and is supported by retrieved context.,,,,
C1,ts037,S3,single,yes,I cannot find sufficient information in the provided research papers to answer this question.,no,no,stop,,,,,,,,,,,,,,The system abstained despite the context containing the required 84.1% figure.,,,,
C1,ts076,S3,single,no,"Supervised fine‑tuning on offline, model‑generated correction traces fails mainly because (1) it suffers from **distribution shift**—the model learns to correct errors made by the data‑collection policy but does not generalize to its own mistakes at test time, and (2) it leads to **behavior collapse**—the model optimizes for likelihood on the traces without learning the desired correction behavior, often producing only a narrow mode of edits [3][4].",yes,yes,stop,,,,,,,,,,,,,,System answer captures both distribution shift and behavior collapse as described in the gold answer and is fully supported by the retrieved context.,,,,
C1,ts073,S3,single,no,Combining a search engine and an LLM within a fact‑checking system demonstrates that the reasoning power of LLMs and the retrieval power of modern search engines can be integrated to automate the verification of claims and provide explainable evidence for the conclusions drawn [7].,partial,yes,stop,,,,,,,,,,,,,,Answer captures integration and automation but misses the specific claim about multi-hop evidence pursuit.,,,,
C1,ts066,S3,single,no,"In the AVeriTeC shared task 2024, annotators rated retrieved evidence on a scale from 1 to 5 across five dimensions, including Coverage, Relevance, and others [3].",yes,yes,stop,,,,,,,,,,,,,,System answer correctly states the 1‑5 scale and adds supported detail about five dimensions.,,,,
C1,ts059,S3,single,no,"Five teams—HUMANE, Yellow Flash, FZIGOT, EFC, and Checkmate—achieved faster runtimes than the baseline’s average of 33.88 s per claim. [3]",yes,yes,stop,,,,,,,,,,,,,,System answer matches gold evidence exactly.,,,,
C1,ts011,S3,single,no,"The Q‑network in Stop‑RAG learns to output the action‑value estimates \(Q_{\theta}(s_t, \text{STOP})\) and \(Q_{\theta}(s_t, \text{CONT})\) for every state \(s_t\). These estimates are used as the full‑width forward‑view \(Q(\lambda)\) targets that drive the training of an adaptive stopping policy, enabling the model to decide when to terminate retrieval and generation. [1][3]",yes,yes,stop,,,,,,,,,,,,,,"The system answer correctly states that the Q-network provides forward-looking estimates (full-width forward-view Q(λ) targets) used for stopping quality, matching the gold answer, and all claims are supported by the retrieved context.",,,,
C1,ts043,S3,single,yes,I cannot find sufficient information in the provided research papers to answer this question.,yes,yes,stop,,,,,,,,,,,,,,"The retrieved context lacks the gold evidence about competitive performance on a counterfactual dataset, so the system correctly declines to answer.",,,,
C1,ts049,S3,single,no,The REAL study uses the proprietary LLMs **GPT‑4o‑mini** and **Gemini‑2.5‑Flash‑lite** as off‑the‑shelf baselines for evaluating fact‑checking behavior without task‑specific fine‑tuning [1].,yes,yes,stop,,,,,,,,,,,,,,"The system answer correctly names GPT-4o-mini and Gemini-2.5-Flash-lite as the proprietary LLMs used as off-the-shelf baselines in the REAL study, which is directly supported by the retrieved context.",,,,
C1,ts026,S3,single,no,"SCoRe aims to teach LLMs to self‑correct their own responses on the fly, enabling them to identify and fix mistakes during generation rather than relying on a separate correction model. This is achieved through a multi‑turn reinforcement learning framework that rewards progress toward correction rather than only final correctness [1][3].",yes,yes,stop,,,,,,,,,,,,,,System answer matches gold answer and all claims are supported by retrieved context.,,,,
C1,ts071,S3,single,no,"The GPTScore framework is built on the premise that a large language model is more likely to generate a text (e.g., a summary) with a higher conditional probability when that text is of high quality and satisfies the given specifications derived from the input document. This conditional generation probability is used as the basis for evaluating text quality [1].",yes,yes,stop,,,,,,,,,,,,,,System answer matches gold answer and is fully supported by retrieved context [1].,,,,
C1,ts075,S3,single,no,The big Transformer model achieved a BLEU score of **41.8** on the WMT 2014 English‑to‑French translation task [1].,no,yes,stop,,,,,,,,,,,,,,"System answer states BLEU 41.8, contradicting gold answer of 41.0, though the claim is supported by retrieved context.",,,,
C1,ts004,S3,single,no,Both the question and the ground‑truth answer are used independently as queries to the cross‑encoder‑based retrieval model during training. [8],yes,yes,stop,,,,,,,,,,,,,,System answer matches gold answer and is supported by evidence.,,,,
C1,ts041,S3,single,no,"In the encoder’s self‑attention layer, each position can attend to all positions in the previous layer of the encoder. [1]",yes,yes,stop,,,,,,,,,,,,,,System answer matches gold answer exactly and is supported by retrieved context [1].,,,,
C1,ts052,S3,single,yes,I cannot find sufficient information in the provided research papers to answer this question.,no,yes,stop,,,,,,,,,,,,,,The system abstained while the gold answer is present in the context.,,,,
C1,ts089,S3,single,no,"When “Not Enough Evidence” (NEI) is an option, the LLM tends to select it too often. [3]",yes,yes,stop,,,,,,,,,,,,,,System answer matches gold answer and is supported by source [3].,,,,
C1,ts065,S3,single,no,"Guideline 5 instructs that if a page contains materially inconsistent statements, both sides of the inconsistency should be preserved. [1]",yes,yes,stop,,,,,,,,,,,,,,"The system answer correctly states guideline 5's instruction to preserve both sides of inconsistency, which is supported by the retrieved context.",,,,
C1,ts069,S3,single,no,"Verdict prediction models that rely overly on surface‑level patterns typically underperform on FEVEROUS because the dataset contains longer, more complex claims where accurate reasoning over individual facts is crucial; a single incorrect fact can invalidate the entire claim, making superficial pattern matching insufficient for correct verdicts [1].",yes,yes,stop,,,,,,,,,,,,,,"Answer states the key fact that a single incorrect fact invalidates the claim, requiring accurate reasoning, and all claims are supported by the retrieved context.",,,,
C1,ts046,S3,single,no,GPT‑4o‑mini offers a cost savings of 766× compared to the top‑performing o1‑preview model for fact‑checking tasks【1】.,yes,yes,stop,,,,,,,,,,,,,,"The system answer states the exact cost‑savings figure (766×) for GPT‑4o‑mini vs o1‑preview, which is directly supported by the retrieved context.",,,,
C1,ts080,S3,single,no,HALT assumes that the host agent exposes loop‑level retrieval trajectories and that the expected reasoning hops can be represented as claims. This fits structured agents such as Self‑Ask but does not directly cover free‑form agent trajectories without clear hop claims. [2],yes,yes,stop,,,,,,,,,,,,,,The system answer matches the gold answer and is fully supported by the retrieved context.,,,,
C1,ts085,S3,single,no,"Fact‑Ablated Evaluation (FAE) shows that current LLM‑based verifiers often preserve their original predictions even after the supporting evidence has been removed, indicating a substantial reliance on parametric knowledge rather than on the retrieved evidence [2][5][4].",yes,yes,stop,,,,,,,,,,,,,,System answer matches gold answer and is supported by retrieved context.,,,,
C1,ts014,S3,single,no,"The balanced training set used for the verifier contains **9,626 rows** (derived from 4,903 questions)【4】.",yes,yes,stop,,,,,,,,,,,,,,The system answer matches the gold answer exactly and is fully supported by the retrieved context.,,,,
C1,ts094,S3,single,yes,I cannot find sufficient information in the provided research papers to answer this question.,no,no,stop,,,,,,,,,,,,,,The gold answer is explicitly stated in source [5].,,,,
C1,ts083,S3,single,no,The claim was re‑annotated in a second round when the majority verdict disagreed with the reference verdict from the article.,yes,yes,stop,,,,,,,,,,,,,,System answer matches gold answer and is supported by retrieved context.,,,,
C1,ts056,S3,single,no,Subjects correctly predicted the model’s decisions in 81.67 % of the cases when using ProoFVer’s proofs [1][5].,yes,yes,stop,,,,,,,,,,,,,,System answer matches gold evidence 81.67% from ProoFVer proofs.,,,,
C1,ts079,S3,single,no,"Applying temperature scaling significantly boosts the performance of SINGLE models on most metrics, with a pronounced improvement on EntCE.",yes,yes,stop,,,,,,,,,,,,,,System answer matches gold answer and is supported by retrieved context.,,,,
C1,tm015,S3,multi,yes,I cannot find sufficient information in the provided research papers to answer this question.,yes,yes,stop,,,,,,,,,,,,,,The system correctly states that the required information is not present in the provided context.,,,,
C1,tm004,S3,multi,yes,I cannot find sufficient information in the provided research papers to answer this question.,no,no,stop,,,,,,,,,,,,,,"The context contains the needed information about LOREN and REAL, so the system's claim of insufficient information is incorrect and unsupported.",,,,
C1,tm019,S3,multi,yes,I cannot find sufficient information in the provided research papers to answer this question.,no,no,stop,,,,,,,,,,,,,,"The system claims insufficient info, but the context contains both facts.",,,,
C1,tm002,S3,multi,no,"QA‑NatVer with Flan‑T5 can be trained with only 64 claim‑annotation samples, whereas Zero‑NatVer requires fine‑tuning on a large corpus of 145 K FEVER instances [8][5].",no,no,stop,,,,,,,,,,,,,,"System answer contradicts gold answer on training sample size and Zero-NatVer fine-tuning requirement, and claims lack support in retrieved context.",,,,
C1,tm003,S3,multi,yes,"The FIRE framework uses a mix of proprietary and open‑source language models: GPT models from OpenAI, Claude models from Anthropic, and the open‑source LLaMA 3.1‑Inst 8B [1]. I cannot find sufficient information in the provided research papers to answer which type of LLMs are used in the system that reports competitive performance in the AVeriTeC shared task.",partial,yes,stop,,,,,,,,,,,,,,"System correctly describes FIRE's model mix (supported) but omits AVeriTeC LLM info, stating it's unavailable in the given context.",,,,
C1,tm008,S3,multi,no,"The AVeriTeC shared task limits retrieval scoring to the first 10 evidence documents per claim [1][2][6].  
Within the REAL framework, the **Label‑Evidence Joint (Strict) Accuracy** metric requires a correct veracity label and at least one correctly identified gold evidence sentence [5].",yes,yes,stop,,,,,,,,,,,,,,System answer matches gold answer and all claims are supported by retrieved context.,,,,
C1,tm012,S3,multi,no,"Ev2R’s reference‑based component, which employs GPT‑4o to decompose both reference and retrieved evidence into atomic facts, yields separate precision and recall scores that quantify the accuracy (precision) and completeness (recall) of the retrieved evidence relative to the annotated reference [2].",yes,yes,stop,,,,,,,,,,,,,,"System answer accurately reflects GPT4o use, precision/recall definitions, and is fully supported by retrieved context.",,,,
C1,tm007,S3,multi,yes,I cannot find sufficient information in the provided research papers to answer this question.,no,no,stop,,,,,,,,,,,,,,"The system claims insufficient info, but the context contains the needed statements.",,,,
C1,tm014,S3,multi,no,"The ECE method attains a selective accuracy of 97.8 % while covering 93.7 % of the claims on ECE‑Bench. In the FIRE framework, a step‑by‑step reasoning process increases the LLM’s confidence in fact‑checking, especially for GPT‑4o‑mini.",yes,yes,stop,,,,,,,,,,,,,,System answer matches gold answer and is fully supported by retrieved context.,,,,
C1,tm020,S3,multi,yes,I cannot find sufficient information in the provided research papers to answer this question.,no,no,stop,,,,,,,,,,,,,,"The system abstains but the context includes Brier score and AURC details, so the abstention is not justified.",,,,
C1,tm017,S3,multi,yes,I cannot find sufficient information in the provided research papers to answer this question.,no,no,stop,,,,,,,,,,,,,,"The system claims insufficient information, but the retrieved excerpts from TSVer and sufficient context papers contain the key facts needed for the gold answer.",,,,
C1,tm013,S3,multi,yes,12.4 % of chunks contain hallucinated tokens when using constraint decoding in evidence mode. I cannot find sufficient information in the provided research papers to answer the second part of the question.,partial,no,stop,,,,,,,,,,,,,,"First part correct, second part missing despite being present in context.",,,,
C1,tm009,S3,multi,no,"The approval rate for claim‑verification annotators in Aly 2024 was 54 % [1]. In AmbiFC TACL2024, the agreement measure calculated between all annotations of the same instance when annotators assigned the same veracity label is the agreement among sentence‑level annotations over binary evidence labels [2].",yes,yes,stop,,,,,,,,,,,,,,System answer matches gold facts and is supported by retrieved context.,,,,
C1,tm010,S3,multi,yes,I cannot find sufficient information in the provided research papers to answer this question.,yes,yes,stop,,,,,,,,,,,,,,"The retrieved context lacks the exact statements needed for the gold answer, so the system correctly declines.",,,,
C1,tm016,S3,multi,no,"QA‑NatVer improves DanFEVER accuracy by about **5.86 percentage points** over the best baseline, whereas the inter‑annotator agreement on the AVeriTeC question‑answer pairs is reported as **Hungarian METEOR scores of 0.28 (questions) and 0.22 (questions + answers)** [4][5].",partial,yes,stop,,,,,,,,,,,,,,"System answer correctly reports METEOR scores but gives a different accuracy improvement (5.86 vs gold 1.8), capturing only part of the key facts.",,,,
C1,tu019,S3,unanswerable,yes,I cannot find sufficient information in the provided research papers to answer this question.,yes,yes,stop,,,,,,,,,,,,,,System correctly states that the information is not present in the provided context.,,,,
C1,tu017,S3,unanswerable,yes,I cannot find sufficient information in the provided research papers to answer this question.,yes,yes,stop,,,,,,,,,,,,,,System correctly states that the corpus lacks info about MAE reconstruction.,,,,
C1,tu008,S3,unanswerable,yes,I cannot find sufficient information in the provided research papers to answer this question.,yes,yes,stop,,,,,,,,,,,,,,"The system correctly states that the provided papers contain no information about StyleGAN3/2 and Path Length Regularizer, matching the unanswerable gold.",,,,
C1,tu009,S3,unanswerable,yes,I cannot find sufficient information in the provided research papers to answer this question.,yes,yes,stop,,,,,,,,,,,,,,The system correctly states that the information is not present in the provided context.,,,,
C1,tu010,S3,unanswerable,yes,I cannot find sufficient information in the provided research papers to answer this question.,yes,yes,stop,,,,,,,,,,,,,,The system correctly states the information is not available in the provided context.,,,,
C1,tu006,S3,unanswerable,yes,I cannot find sufficient information in the provided research papers to answer this question.,yes,yes,stop,,,,,,,,,,,,,,"System correctly states lack of information, matching unanswerable gold.",,,,
C1,tu013,S3,unanswerable,yes,I cannot find sufficient information in the provided research papers to answer this question.,yes,yes,stop,,,,,,,,,,,,,,The system correctly states that the answer is not present in the provided context.,,,,
C1,tu012,S3,unanswerable,yes,I cannot find sufficient information in the provided research papers to answer this question.,yes,yes,stop,,,,,,,,,,,,,,The system correctly states the information is not available in the provided context.,,,,
C1,tu001,S3,unanswerable,yes,I cannot find sufficient information in the provided research papers to answer this question.,yes,yes,stop,,,,,,,,,,,,,,The system correctly declines to answer as the corpus does not contain the requested Inception Score.,,,,
C1,tu003,S3,unanswerable,yes,I cannot find sufficient information in the provided research papers to answer this question.,yes,yes,stop,,,,,,,,,,,,,,System correctly states lack of information matching unanswerable.,,,,
C1,tu015,S3,unanswerable,yes,I cannot find sufficient information in the provided research papers to answer this question.,yes,yes,stop,,,,,,,,,,,,,,"System correctly states lack of information, matching the UNANSWERABLE gold answer.",,,,
C1,tu004,S3,unanswerable,yes,I cannot find sufficient information in the provided research papers to answer this question.,yes,yes,stop,,,,,,,,,,,,,,The system correctly states that the information is not present in the provided context.,,,,
C1,tu018,S3,unanswerable,yes,I cannot find sufficient information in the provided research papers to answer this question.,yes,yes,stop,,,,,,,,,,,,,,The system correctly states the information is not available in the provided context.,,,,
C1,tu011,S3,unanswerable,yes,I cannot find sufficient information in the provided research papers to answer this question.,yes,yes,stop,,,,,,,,,,,,,,The system correctly states the information is not available in the provided context.,,,,
C1,tu002,S3,unanswerable,yes,I cannot find sufficient information in the provided research papers to answer this question.,yes,yes,stop,,,,,,,,,,,,,,"System correctly states lack of information, matching unanswerable gold.",,,,
C1,tu007,S3,unanswerable,yes,I cannot find sufficient information in the provided research papers to answer this question.,yes,yes,stop,,,,,,,,,,,,,,The system correctly states the information is not available in the provided context.,,,,
C1,tu005,S3,unanswerable,yes,I cannot find sufficient information in the provided research papers to answer this question.,yes,yes,stop,,,,,,,,,,,,,,"The system correctly states that the information is not present in the provided papers, matching the unanswerable gold answer.",,,,
C1,tu020,S3,unanswerable,yes,I cannot find sufficient information in the provided research papers to answer this question.,yes,yes,stop,,,,,,,,,,,,,,System correctly states the information is not present in the provided context.,,,,
C1,tu014,S3,unanswerable,yes,I cannot find sufficient information in the provided research papers to answer this question.,yes,yes,stop,,,,,,,,,,,,,,The system correctly states the answer is not available in the provided context.,,,,
C1,tu016,S3,unanswerable,yes,I cannot find sufficient information in the provided research papers to answer this question.,yes,yes,stop,,,,,,,,,,,,,,The system correctly states that the information is not present in the provided context.,,,,
C2,ts060,S3,single,no,"In the uralLI proof system, after assigning a natural logic operator to each aligned claim‑evidence span via question answering, the next step is to select a proof by combining the answer probabilities of the questions associated with each potential proof [1].",yes,yes,stop,,,,,,,,,,,,,,"The system answer matches the gold answer: after assigning NatOps via QA, the proof is selected by combining answer scores/probabilities of associated questions.",,,,
C2,ts078,S3,single,yes,I cannot find sufficient information in the provided research papers to answer this question.,no,no,stop,,,,,,,,,,,,,,"The gold answer is present in the retrieved context, so the system's claim of insufficient information is incorrect and not supported.",,,,
C2,ts092,S3,single,no,All systems stayed below the established limit of **one minute per claim on average** in the AVeriTeC shared task 2025. [1][2][9],yes,yes,stop,,,,,,,,,,,,,,System answer matches gold limit and is fully supported by retrieved context.,,,,
C2,ts003,S3,single,no,"The paired objective encourages the verifier to produce a veracity prediction only when sufficient evidence is available, and to refrain from maintaining the same prediction once that evidence is removed. [1]",yes,yes,stop,,,,,,,,,,,,,,System answer matches gold answer and is supported by retrieved context.,,,,
C2,ts031,S3,single,no,The Markov Chain‑based multi‑agent debate approach proposed by Sun et al. (2024) aims to ensure more rigorous verification by enabling collaborative decision‑making among agents based on retrieved evidence. [1],yes,yes,stop,,,,,,,,,,,,,,System answer matches gold answer and is supported by retrieved context.,,,,
C2,ts042,S3,single,no,"The purpose of Stage I in SCoRe is to provide an initialization that decouples the two attempts: it trains the model to improve second‑attempt accuracy while constraining the first‑attempt distribution to remain close to the base model, thereby preventing behavior collapse and enabling better exploration in subsequent training [5][9].",yes,yes,stop,,,,,,,,,,,,,,System answer matches gold answer's key facts and all claims are supported by retrieved context.,,,,
C2,ts005,S3,single,no,"When the veracity score \(s_v\) is omitted from the proof selection method, the accuracy drops by 3.7 points. [1]",yes,yes,stop,,,,,,,,,,,,,,The system answer matches the gold answer and is directly supported by the retrieved context.,,,,
C2,ts001,S3,single,no,"The initial pool of claims was obtained from the Google FactCheck Claim Search API, yielding roughly six thousand claims.",yes,yes,stop,,,,,,,,,,,,,,System answer matches gold answer and is supported by retrieved context.,,,,
C2,ts033,S3,single,no,Natural logic inference constructs proofs by modeling set‑theoretic relations between a claim and its evidence in natural language. [4],yes,yes,stop,,,,,,,,,,,,,,Matches gold answer and is supported by context [4].,,,,
C2,ts006,S3,single,no,"The models were evaluated on artificial claims using claims from the multi‑hop dataset **Hover** (Jiang et al., 2020) and the Danish dataset **DanFEVER** (Nørregaard and Derczynski, 2021)【1】.",yes,yes,stop,,,,,,,,,,,,,,System answer matches gold answer and is supported by retrieved context.,,,,
C2,ts064,S3,single,no,"The Final Answer or Next Search Query \(f(\cdot)\) integrates claim verification with search query generation, deciding whether to produce a final answer or generate an additional search query for an atomic claim. [1]",yes,yes,stop,,,,,,,,,,,,,,System answer matches gold answer and is fully supported by retrieved context.,,,,
C2,ts074,S3,single,yes,I cannot find sufficient information in the provided research papers to answer this question.,yes,yes,stop,,,,,,,,,,,,,,"The gold evidence is not in the retrieved context, so the system correctly abstains.",,,,
C2,ts057,S3,single,no,The number of operations required to relate signals from two arbitrary input or output positions in ConvS2S grows linearly with the distance between those positions [1][8].,yes,yes,stop,,,,,,,,,,,,,,System answer matches gold answer and is supported by retrieved context.,,,,
C2,ts099,S3,single,no,PASTA achieved an F1 score of 43.56 under this setup. [1],yes,yes,stop,,,,,,,,,,,,,,The system answer matches the gold answer and is directly supported by retrieved context [1].,,,,
C2,ts068,S3,single,no,"Additional NEI-labeled examples are included to prevent the model from prematurely assigning a verdict of Supported, Refuted, or Conflicting Evidence/Cherry‑picking when the available information is insufficient, thereby reducing false positive judgments [1].",yes,no,stop,,,,,,,,,,,,,,Answer matches gold but adds unsupported claim about reducing false positive judgments.,,,,
C2,ts063,S3,single,no,"The gold‑claim statistics for MuSiQue were computed over **885** questions, after excluding the 115 questions that yielded no atomic hop claims.",yes,yes,stop,,,,,,,,,,,,,,System answer matches gold answer and is fully supported by retrieved context.,,,,
C2,ts016,S3,single,no,The LLM‑assisted annotation pipeline achieved an inter‑annotator agreement of κ = 0.77 on verdicts in the TSVER dataset. [1][8],yes,yes,stop,,,,,,,,,,,,,,"The answer correctly states κ=0.77 on verdicts, supported by sources [1] and [8].",,,,
C2,ts015,S3,single,no,"The approach also treats **comparative functions** as a separate class, represented by a unique ArithExp (e.g., COMP) distinct from the standard count, sum, diff, average, min, and max functions.",yes,yes,stop,,,,,,,,,,,,,,"System answer correctly states comparative functions are a separate class, matching gold evidence.",,,,
C2,ts082,S3,single,no,"The approach uses **constrained decoding** to restrict the model’s sampling to only spans that appear verbatim in the claim, preventing the introduction of non‑claim words or phrases.",yes,yes,stop,,,,,,,,,,,,,,System answer matches gold answer and is supported by retrieved context.,,,,
C2,ts084,S3,single,no,"When there are more gold pairs than generated pairs, the unmatched gold pairs receive a score of 0, which lowers the overall average retrieval score. [1]",yes,yes,stop,,,,,,,,,,,,,,"System answer states that unmatched gold pairs get score 0 and lower the average, matching gold answer and supported by retrieved context [1].",,,,
C2,ts037,S3,single,no,The abstention fraction for Claude 3.5 Sonnet without RAG is 84.1 % of the questions. [1],yes,yes,stop,,,,,,,,,,,,,,System answer matches gold evidence and is supported by retrieved context.,,,,
C2,ts076,S3,single,no,"Supervised fine‑tuning on offline, model‑generated correction traces fails mainly because (1) it suffers from a distribution shift between the mistakes made by the data‑collection policy and the model’s own responses, and (2) it can lead to behavior collapse, where the model learns only a narrow, ineffective mode of correction [1][4].",yes,yes,stop,,,,,,,,,,,,,,The answer accurately states the two reasons (distribution shift and behavior collapse) as given in the gold evidence.,,,,
C2,ts073,S3,single,no,"Combining a search engine with an LLM demonstrates the power of a multi‑hop evidence pursuit strategy, where the system formulates additional questions only after initial retrieval and uses the search engine to gather further evidence before making a veracity judgment. [2]",yes,yes,stop,,,,,,,,,,,,,,System answer matches gold answer and is fully supported by the cited source.,,,,
C2,ts066,S3,single,yes,I cannot find sufficient information in the provided research papers to answer this question.,no,no,stop,,,,,,,,,,,,,,"The gold answer states annotators used a 1‑5 scale, which appears in the source; the system incorrectly claims insufficient info.",,,,
C2,ts059,S3,single,no,"Five teams—HUMANE, Yellow Flash, FZIGOT, EFC, and Checkmate—achieved faster runtimes than the baseline’s average of 33.88 s per claim. [1]",yes,yes,stop,,,,,,,,,,,,,,System answer matches gold answer and is supported by retrieved context.,,,,
C2,ts011,S3,single,no,"The Q‑network trained with full‑width forward‑view Q(λ) supplies forward‑looking estimates of the expected reward for stopping versus continuing retrieval. By comparing immediate and future gains, it enables reliable stopping decisions without requiring internal telemetry.",yes,yes,stop,,,,,,,,,,,,,,System answer captures forward-looking estimates of stopping quality and is fully supported by retrieved context.,,,,
C2,ts043,S3,single,no,Our system achieves competitive performance on the AVERITEC dataset while using up to a magnitude less memory than competing dense retrieval systems [5].,no,no,stop,,,,,,,,,,,,,,"System answer claims performance on AVERITEC, but gold evidence states competitive performance on a counterfactual dataset; the claim is unsupported by retrieved context.",,,,
C2,ts049,S3,single,no,The REAL study uses the proprietary LLMs **GPT‑4o‑mini** and **Gemini‑2.5‑Flash‑lite** as off‑the‑shelf baselines for fact‑checking without task‑specific fine‑tuning. [1],yes,yes,stop,,,,,,,,,,,,,,System answer matches gold answer and is supported by retrieved context.,,,,
C2,ts026,S3,single,no,"The SCoRe self‑correct RL approach aims to teach LLMs to **self‑correct their own responses “on‑the‑fly” by iteratively generating a first attempt, then refining it in a second attempt, guided by a reward that rewards progress toward correctness**【6】【5】.",yes,yes,stop,,,,,,,,,,,,,,System answer captures the gold answer's key point and adds supported details about the two‑stage RL process.,,,,
C2,ts071,S3,single,no,"The GPTScore framework is grounded in the notion that a large language model is more likely to generate a given text (e.g., a summary) with a higher conditional probability when that text is of high quality and satisfies the specified criteria derived from the input document. This idea treats evaluation as a text‑generation problem, leveraging the model’s generation likelihood as a proxy for quality [1].",yes,yes,stop,,,,,,,,,,,,,,System answer matches gold answer and is fully supported by retrieved context [1].,,,,
C2,ts075,S3,single,no,The model achieved a BLEU score of **41.8** on the WMT 2014 English‑to‑French translation task. [1],no,yes,stop,,,,,,,,,,,,,,"System answer states BLEU 41.8, which differs from gold answer 41.0, though the claim is supported by retrieved context.",,,,
C2,ts004,S3,single,no,"During training, the cross‑encoder is queried with both the question and the ground‑truth answer independently. [1]",yes,yes,stop,,,,,,,,,,,,,,System answer matches gold answer and is supported by retrieved context [1].,,,,
C2,ts041,S3,single,no,"In the encoder’s self‑attention layer, each position can attend to all positions in the previous layer of the encoder. [1]",yes,yes,stop,,,,,,,,,,,,,,Answer matches gold answer and is supported by retrieved context [1].,,,,
C2,ts052,S3,single,no,The sufficient context autorater achieves an accuracy of approximately 93 % [1][3].,yes,yes,stop,,,,,,,,,,,,,,The answer matches the gold statement and is supported by the retrieved context.,,,,
C2,ts089,S3,single,no,"When “Not Enough Evidence” (NEI) is an option, the LLM tends to select it too often. [1][2]",yes,yes,stop,,,,,,,,,,,,,,The system answer matches the gold answer and is supported by the retrieved context.,,,,
C2,ts065,S3,single,no,"Guideline 5 instructs that if a page contains materially inconsistent statements, the annotator should **state explicitly that no relevant evidence is present** rather than attempting to construct an answer. [1]",no,no,stop,,,,,,,,,,,,,,System answer incorrectly states guideline 5 instructs to state no evidence; guideline 5 actually says to preserve both sides of inconsistency.,,,,
C2,ts069,S3,single,no,"Verdict prediction models that rely overly on surface‑level patterns typically underperform on FEVEROUS because the dataset contains longer, more complex claims where accurate reasoning over single pieces of information is crucial; a single incorrect fact can cause a refutation, making surface cues insufficient for correct verdicts [1].",yes,yes,stop,,,,,,,,,,,,,,System answer captures gold answer's key points and all statements are supported by retrieved context.,,,,
C2,ts046,S3,single,no,GPT‑4o‑mini offers a cost savings of 766 × compared to o1‑preview for fact‑checking tasks. [1],yes,yes,stop,,,,,,,,,,,,,,The system answer matches the gold answer and is directly supported by the retrieved context.,,,,
C2,ts080,S3,single,no,"HALT assumes that the host search agent exposes its loop‑level retrieval trajectories and that the question’s reasoning structure can be expressed as a fixed set of hop claims. It treats the agent as a frozen component whose policy, retriever, and generator remain unchanged, relying only on the verifier to check whether each claim has been satisfied by the cumulative evidence. [4][7][3]",yes,yes,stop,,,,,,,,,,,,,,System answer captures both key assumptions from gold answer and adds only supported details.,,,,
C2,ts085,S3,single,no,"Fact Ablated Evaluation (FAE) shows that current LLM‑based verifiers often preserve their original predictions even after the supporting evidence is removed, indicating a strong reliance on parametric knowledge rather than on the retrieved evidence [1][5][7][8][9].",yes,yes,stop,,,,,,,,,,,,,,System answer matches gold answer and all claims are supported by retrieved context.,,,,
C2,ts014,S3,single,no,"The balanced training set used for the verifier contains **9,626 rows**【1】.",yes,yes,stop,,,,,,,,,,,,,,System answer matches gold answer and is supported by retrieved context.,,,,
C2,ts094,S3,single,no,"The AVeriTeC 2023 dataset guarantees high‑quality evidence annotation through a two‑step procedure: first, claims are manually decomposed into question‑answer pairs that capture the evidence and reasoning; second, the annotations are verified for evidence sufficiency and temporal validity to avoid leakage. This process yields a high inter‑annotator agreement of κ = 0.619 [3].",partial,no,stop,,,,,,,,,,,,,,"System answer misstates the first step (claims decomposed into QA pairs) which is not in the gold evidence, though it mentions evidence sufficiency and inter‑annotator agreement.",,,,
C2,ts083,S3,single,no,The claim was re‑annotated in a second round after the majority verdict disagreed with the reference verdict from the article. [1],yes,yes,stop,,,,,,,,,,,,,,System answer matches gold answer and is fully supported by retrieved context.,,,,
C2,ts056,S3,single,no,Subjects correctly predicted the model’s decision in **81.67 %** of the cases when using ProoFVer’s proofs [2][10].,yes,yes,stop,,,,,,,,,,,,,,The system answer states the exact percentage 81.67% from the gold evidence in sources [2] and [10].,,,,
C2,ts079,S3,single,no,"Applying temperature scaling significantly boosts the performance of SINGLE models on most metrics, with a notable improvement on EntCE [1].",yes,yes,stop,,,,,,,,,,,,,,System answer matches gold answer and is supported by the cited source.,,,,
C2,tm015,S3,multi,no,"Future work includes (1) architectural enhancements such as integrating memory banks to store verification results and expanding the system to support additional modalities like code and images [1]; and (2) evaluation improvements by revisiting public fact‑checking datasets, incorporating personal opinions for ambiguous cases, and adding claims that require rarer and more complex reasoning to reduce performance gaps across claim types [1].",partial,no,stop,,,,,,,,,,,,,,Correctly captures architectural improvements but misattributes evaluation direction and adds unsupported claim about reducing gaps.,,,,
C2,tm004,S3,multi,yes,I cannot find sufficient information in the provided research papers to answer this question.,no,no,stop,,,,,,,,,,,,,,The answer abstains despite the context containing the required information.,,,,
C2,tm019,S3,multi,yes,I cannot find sufficient information in the provided research papers to answer this question.,yes,yes,stop,,,,,,,,,,,,,,The system correctly declined because the high‑score group threshold is not present in the retrieved context.,,,,
C2,tm002,S3,multi,no,"QA‑NatVer with Flan‑T5 is trained on a small annotated set (e.g., 32–64 claim annotations) to achieve its reported accuracy, whereas Zero‑NatVer operates in a zero‑shot setting and does not require any fine‑tuning on the target data [2][5][6].",yes,yes,stop,,,,,,,,,,,,,,"System answer correctly states QA‑NatVer trained on small set (32‑64) and Zero‑NatVer zero‑shot/no fine‑tuning, matching gold answer and supported by retrieved context.",,,,
C2,tm003,S3,multi,yes,"The framework that uses FactcheckBench as a development set and evaluates on three other datasets employs several state‑of‑the‑art language models: proprietary GPT models (OpenAI, 2024a,b), proprietary Claude models (Anthropic, 2024), and the open‑source LLaMA 3.1‑Inst 8B model [1].  
I cannot find sufficient information in the provided research papers to answer which type of LLMs are used in the system that reports competitive performance in the AVeriTeC shared task.",no,no,stop,,,,,,,,,,,,,,"The system answer correctly describes the FactcheckBench models but fails to identify the AVeriTeC system's fine‑tuned open‑source LLMs, claiming lack of information when the context provides it.",,,,
C2,tm008,S3,multi,yes,I cannot find sufficient information in the provided research papers to answer this question.,no,yes,stop,,,,,,,,,,,,,,"The system answer declines to answer, so it is abstained; it does not provide the key facts, so it is not correct; a pure decline is considered faithful.",,,,
C2,tm012,S3,multi,no,"Ev2R’s reference‑based component, which is evaluated with GPT‑4o, decomposes the comparison between retrieved and reference evidence into two complementary metrics: precision, measuring the accuracy of the retrieved evidence, and recall, measuring its completeness relative to the reference set [1][4].",yes,yes,stop,,,,,,,,,,,,,,System answer matches gold answer and all claims are supported by retrieved context.,,,,
C2,tm007,S3,multi,no,"Aly’s neuro‑symbolic framework tackles numerical and multi‑hop reasoning over heterogeneous tables by extending the natural‑logic proof model (TABVER) to handle diverse numerical variations and multi‑hop queries, as demonstrated in the FEVEROUS benchmark and in a few‑shot setting where TABVER+T outperforms other neurosymbolic systems [5][8].",partial,yes,stop,,,,,,,,,,,,,,Answer captures Aly's framework but omits TabVer's numeral sensitivity contrast.,,,,
C2,tm014,S3,multi,no,"ECE achieves 97.8 % selective accuracy at 93.7 % coverage on ECE‑Bench [1][4][5]. The FIRE framework’s step‑by‑step reasoning process notably increases the LLM’s confidence in fact‑checking, especially for GPT‑4o‑mini [2].",yes,yes,stop,,,,,,,,,,,,,,System answer matches gold answer and all claims are supported by retrieved context.,,,,
C2,tm020,S3,multi,no,"The papers employ different evaluation metrics:  

- **Paper 1** reports precision, recall, and F1 scores for both positive and negative classes, alongside financial and GPU‑rental cost metrics to assess computational expense [1].  
- **Paper 2** uses a stricter, dynamic fact‑checking formulation that requires granular labels and explicit causal dependency on evidence, but the specific metrics are not listed in the excerpt [2].  
- **Paper 3** evaluates models under a uniform ReAct loop and applies a fact‑check blocklist, but the excerpt does not specify the exact metrics used [3].  
- **Paper 4** focuses on evidence evaluation but does not detail the metrics in the provided text [4].  
- **Paper 5** defines selective fact‑checking metrics, including a set of claims \(D=\{(c_i,y_i)\}\) and a system‑output label, but the exact performance measures are not given in the excerpt [5].  
- **Paper 10** evaluates (1) veracity prediction via label accuracy and (2) evidence coverage, measuring whether the predicted evidence set matches the gold evidence [10].  

Thus, while all works assess veracity prediction, they differ in whether they also measure evidence coverage, computational cost, or use dynamic versus static evidence dependency.",no,no,stop,,,,,,,,,,,,,,"The answer does not mention Brier score, AURC, or proportion of veracity predictions as in the gold answer and includes unsupported claims.",,,,
C2,tm017,S3,multi,yes,I cannot find sufficient information in the provided research papers to answer this question.,no,yes,stop,,,,,,,,,,,,,,The system declines to answer although the retrieved context contains the needed statements about TSVer bottleneck and sufficient-context autorater findings.,,,,
C2,tm013,S3,multi,no,"The evidence‑mode constraint decoding still allows hallucinations in about **12.4 % of chunks** (tokens absent from the evidence) [1]. On HotpotQA, models correctly answer roughly **35 % of instances** even when the context is insufficient [2].",yes,yes,stop,,,,,,,,,,,,,,System answer matches gold answer and each claim is supported by retrieved context.,,,,
C2,tm009,S3,multi,no,"The approval rate for claim‑verification annotators in Aly 2024 was **54 %** [3].  
In AmbiFC TACL2024, the agreement measure computed between all annotations of the same instance when annotators assigned the same veracity label is the **agreement among sentence‑level evidence annotations using binary evidence labels** [1].",yes,yes,stop,,,,,,,,,,,,,,"System answer matches gold answer: 54% approval rate from Aly 2024 and agreement measure defined as sentence-level binary evidence label agreement when same veracity label assigned, both supported by retrieved context.",,,,
C2,tm010,S3,multi,yes,I cannot find sufficient information in the provided research papers to answer this question.,yes,yes,stop,,,,,,,,,,,,,,"The gold answer is not present in the retrieved context, so the system correctly abstains.",,,,
C2,tm016,S3,multi,no,"QA‑NatVer outperforms the baselines on the Danish DanFEVER dataset by **5.86 accuracy points** [3]. In contrast, the inter‑annotator agreement for question‑answer pairs in the AVeriTeC dataset, measured by Hungarian METEOR, is **0.28 for questions alone and 0.22 for the combined question‑answer pairs** [6].",no,yes,stop,,,,,,,,,,,,,,"The system answer states a 5.86‑point improvement, which contradicts the gold answer’s 1.8‑point improvement, though each claim is supported by the retrieved context.",,,,
C2,tu019,S3,unanswerable,yes,I cannot find sufficient information in the provided research papers to answer this question.,yes,yes,stop,,,,,,,,,,,,,,The system correctly declines to answer as the corpus does not contain the requested mIoU value.,,,,
C2,tu017,S3,unanswerable,yes,I cannot find sufficient information in the provided research papers to answer this question.,yes,yes,stop,,,,,,,,,,,,,,"The system correctly states that the provided papers do not contain the requested information, matching the gold UNANSWERABLE.",,,,
C2,tu008,S3,unanswerable,yes,I cannot find sufficient information in the provided research papers to answer this question.,yes,yes,stop,,,,,,,,,,,,,,The system correctly states that the provided papers do not contain information about StyleGAN3 vs StyleGAN2 training stability with Path Length Regularizer.,,,,
C2,tu009,S3,unanswerable,yes,I cannot find sufficient information in the provided research papers to answer this question.,yes,yes,stop,,,,,,,,,,,,,,System correctly states that the answer is not available in the provided context.,,,,
C2,tu010,S3,unanswerable,yes,I cannot find sufficient information in the provided research papers to answer this question.,yes,yes,stop,,,,,,,,,,,,,,System correctly states lack of information matching unanswerable gold.,,,,
C2,tu006,S3,unanswerable,yes,I cannot find sufficient information in the provided research papers to answer this question.,yes,yes,stop,,,,,,,,,,,,,,The system correctly declines to answer as the corpus lacks the requested mAP value.,,,,
C2,tu013,S3,unanswerable,yes,I cannot find sufficient information in the provided research papers to answer this question.,yes,yes,stop,,,,,,,,,,,,,,System correctly states lack of info; matches UNANSWERABLE.,,,,
C2,tu012,S3,unanswerable,yes,I cannot find sufficient information in the provided research papers to answer this question.,yes,yes,stop,,,,,,,,,,,,,,The system correctly states the information is not available in the provided context.,,,,
C2,tu001,S3,unanswerable,yes,I cannot find sufficient information in the provided research papers to answer this question.,yes,yes,stop,,,,,,,,,,,,,,"System correctly states lack of information, matching unanswerable gold.",,,,
C2,tu003,S3,unanswerable,yes,I cannot find sufficient information in the provided research papers to answer this question.,yes,yes,stop,,,,,,,,,,,,,,System correctly states lack of information matching unanswerable.,,,,
C2,tu015,S3,unanswerable,yes,I cannot find sufficient information in the provided research papers to answer this question.,yes,yes,stop,,,,,,,,,,,,,,System correctly states lack of information matching unanswerable.,,,,
C2,tu004,S3,unanswerable,yes,I cannot find sufficient information in the provided research papers to answer this question.,yes,yes,stop,,,,,,,,,,,,,,System correctly states the information is not available in the provided context.,,,,
C2,tu018,S3,unanswerable,yes,I cannot find sufficient information in the provided research papers to answer this question.,yes,yes,stop,,,,,,,,,,,,,,"The system correctly states the information is not present in the provided papers, matching the UNANSWERABLE gold answer.",,,,
C2,tu011,S3,unanswerable,yes,I cannot find sufficient information in the provided research papers to answer this question.,yes,yes,stop,,,,,,,,,,,,,,"System correctly states the information is not available in the provided context, matching the unanswerable gold answer.",,,,
C2,tu002,S3,unanswerable,yes,I cannot find sufficient information in the provided research papers to answer this question.,yes,yes,stop,,,,,,,,,,,,,,"System correctly states that the information is not available in the provided context, matching the UNANSWERABLE gold answer.",,,,
C2,tu007,S3,unanswerable,yes,I cannot find sufficient information in the provided research papers to answer this question.,yes,yes,stop,,,,,,,,,,,,,,"The system correctly states that the requested reconstruction error is not found in the provided papers, matching the gold UNANSWERABLE.",,,,
C2,tu005,S3,unanswerable,yes,I cannot find sufficient information in the provided research papers to answer this question.,yes,yes,stop,,,,,,,,,,,,,,The system correctly states the information is not available in the provided context.,,,,
C2,tu020,S3,unanswerable,yes,I cannot find sufficient information in the provided research papers to answer this question.,yes,yes,stop,,,,,,,,,,,,,,"The system correctly states that the information is not present in the provided papers, matching the UNANSWERABLE gold answer.",,,,
C2,tu014,S3,unanswerable,yes,I cannot find sufficient information in the provided research papers to answer this question.,yes,yes,stop,,,,,,,,,,,,,,The system correctly states that the answer is not present in the provided context.,,,,
C2,tu016,S3,unanswerable,yes,I cannot find sufficient information in the provided research papers to answer this question.,yes,yes,stop,,,,,,,,,,,,,,The system correctly states the information is not available in the provided context.,,,,
S,ts060,S3,single,no,"In the uralLI proof system, after assigning a natural logic operator to each aligned claim‑evidence span via question answering, the next step is to **select the proof by combining the answer scores to the questions associated with the proof**.",yes,yes,stop,,,,,,,,,,,,,,System answer matches gold answer and is supported by the retrieved context.,,,,
S,ts078,S3,single,yes,I cannot find sufficient information in the provided research papers to answer this question.,no,no,stop,,,,,,,,,,,,,,"The gold answer appears in the retrieved context (paper 02_AVeriTeC_2023_dataset_paper.pdf), so the system's claim of insufficient information is false.",,,,
S,ts092,S3,single,no,"All systems were required to process the entire 1,000‑claim test set within 16 hours and 40 minutes, which translates to an average runtime of **1 minute per claim** or less.",yes,yes,stop,,,,,,,,,,,,,,System answer matches gold limit and is fully supported by context.,,,,
S,ts003,S3,single,no,"The paired objective encourages the verifier to produce a veracity prediction only when sufficient evidence is available, and to abstain (return NOT_ENOUGH_INFO) once that evidence is no longer present [1][6].",yes,yes,stop,,,,,,,,,,,,,,System answer matches gold answer and is supported by retrieved context.,,,,
S,ts031,S3,single,no,The Markov Chain‑based multi‑agent debate approach proposed by Sun et al. (2024) aims to ensure more rigorous verification by enabling collaborative decision‑making among agents based on retrieved evidence. [1],yes,yes,stop,,,,,,,,,,,,,,System answer matches gold answer and is supported by retrieved context.,,,,
S,ts042,S3,single,no,"Stage I of SCoRe is designed to produce a robust initialization that decouples the first‑ and second‑attempt responses. It trains the model (via RL rather than SFT) to improve coverage of second‑attempt answers while still mimicking the base model’s first‑attempt output, thereby reducing the risk of behavior collapse before the multi‑turn RL in Stage II begins. [1][1]",yes,yes,stop,,,,,,,,,,,,,,System answer matches gold answer and is fully supported by retrieved context.,,,,
S,ts005,S3,single,no,Omitting the veracity score \(s_v\) from the proof‑selection step results in an accuracy decrease of 3.7 points【1】【2】.,yes,yes,stop,,,,,,,,,,,,,,"The system answer states the exact 3.7‑point accuracy drop, which matches the gold answer and is supported by the retrieved context in [1] and [2].",,,,
S,ts001,S3,single,no,"The initial collection comprised 4,568 claims retrieved via the Google FactCheck Claim Search API【1】.",no,yes,stop,,,,,,,,,,,,,,"The system answer cites 4,568 claims from AVERITEC, not the around six thousand claims from the TSVer dataset.",,,,
S,ts033,S3,single,no,Natural logic inference constructs proofs by modeling set‑theoretic relations between a claim and its evidence in natural language. [2][3],yes,yes,stop,,,,,,,,,,,,,,System answer matches gold answer and is supported by retrieved context.,,,,
S,ts006,S3,single,no,The models were evaluated on artificial claims from the multi‑hop dataset **Hover** and the Danish dataset **DanFEVER**【1】.,yes,yes,stop,,,,,,,,,,,,,,System answer matches gold answer and is supported by retrieved context.,,,,
S,ts064,S3,single,no,"The Final Answer or Next Search Query function \(f(\cdot)\) integrates claim verification with search query generation, allowing the model to decide whether to produce a final answer or generate a new query based on its confidence in the current judgment [1][5].",yes,yes,stop,,,,,,,,,,,,,,System answer matches gold claim and is fully supported by retrieved context.,,,,
S,ts074,S3,single,yes,I cannot find sufficient information in the provided research papers to answer this question.,no,yes,stop,,,,,,,,,,,,,,"The system correctly abstains because the retrieved context does not contain the RoBERTa (Large) initialization detail, though the gold answer exists in the full paper.",,,,
S,ts057,S3,single,no,The number of operations required to relate signals from two arbitrary input or output positions in ConvS2S grows linearly with the distance between those positions. [1],yes,yes,stop,,,,,,,,,,,,,,System answer matches gold answer and is supported by retrieved context.,,,,
S,ts099,S3,single,no,PASTA achieved an F1 score of 43.56 under this setup. [1],yes,yes,stop,,,,,,,,,,,,,,The system answer states the exact F1 score from the gold evidence and is supported by the retrieved context.,,,,
S,ts068,S3,single,no,"The Graph‑of‑Thoughts approach includes additional training examples explicitly labeled as NEI to reduce the likelihood that the model prematurely assigns a verdict of Supported, Refuted, or Conflicting Evidence when the available information is actually insufficient. [1]",partial,yes,stop,,,,,,,,,,,,,,The answer captures the core reason but omits the specific mention of 'Cherry-picking' from the gold answer.,,,,
S,ts063,S3,single,no,The gold‑claim statistics for MuSiQue are computed over the remaining 885 valid rows after excluding the 115 questions that contain no atomic gold hop claims.,yes,yes,stop,,,,,,,,,,,,,,"System answer states the 885 valid rows after excluding 115 questions with no atomic gold hop claims, matching the gold evidence.",,,,
S,ts016,S3,single,no,The LLM‑assisted annotation pipeline achieved an inter‑annotator agreement of κ = 0.77 on verdicts in the TSVER dataset. [1][6],yes,yes,stop,,,,,,,,,,,,,,System answer matches gold answer and is supported by retrieved context.,,,,
S,ts015,S3,single,no,"The approach also considers a separate class of **comparative functions** in addition to count, sum, diff, average, min, and max.",yes,yes,stop,,,,,,,,,,,,,,"System answer correctly states that comparative functions are a separate class, matching gold evidence.",,,,
S,ts082,S3,single,no,The approach uses **constrained decoding** to restrict the sampling of claim spans so that they must be verbatim substrings of the claim text. This prevents the model from introducing words or phrases that are not present in the claim [1][2],yes,yes,stop,,,,,,,,,,,,,,System answer matches gold answer and is supported by retrieved context.,,,,
S,ts084,S3,single,no,"When there are more gold pairs than generated pairs, some gold pairs remain unmatched; these unmatched pairs receive a score of 0, which pulls down the overall average retrieval score. [1]",yes,yes,stop,,,,,,,,,,,,,,"System answer correctly states that unmatched gold pairs score 0, lowering the average, which is exactly what the gold answer and evidence say.",,,,
S,ts037,S3,single,no,The abstention fraction for Claude 3.5 Sonnet without RAG is 84.1 % [1].,yes,yes,stop,,,,,,,,,,,,,,The answer matches the gold evidence and is supported by the retrieved context.,,,,
S,ts076,S3,single,yes,I cannot find sufficient information in the provided research papers to answer this question.,no,no,stop,,,,,,,,,,,,,,"The answer is present in the context, so claiming insufficient information is incorrect and unsupported.",,,,
S,ts073,S3,single,no,"Combining a search engine and an LLM within a fact‑checking system demonstrates the power of a multi‑hop evidence pursuit strategy, where the system formulates additional questions only after searching and answering previous ones, thereby integrating the LLM’s reasoning with the search engine’s retrieval capability to more effectively verify claims [1][5].",yes,yes,stop,,,,,,,,,,,,,,System answer matches gold answer and is fully supported by retrieved context.,,,,
S,ts066,S3,single,yes,I cannot find sufficient information in the provided research papers to answer this question.,no,no,stop,,,,,,,,,,,,,,"The gold answer is present in the context, so the system's claim of insufficient information is incorrect.",,,,
S,ts059,S3,single,no,"Five teams achieved faster runtimes than the baseline’s average of 33.88 s per claim: HUMANE (29.19 s), Yellow Flash (31.71 s), FZIGOT (18.50 s), EFC (7.01 s), and Checkmate (22.73 s) [1][1].",yes,yes,stop,,,,,,,,,,,,,,"The system answer correctly states that five teams beat the baseline runtime, lists the same teams as the gold evidence, and each claim is supported by the retrieved context.",,,,
S,ts011,S3,single,no,"The Q‑network trained with Q(λ) supplies forward‑looking estimates of the quality of stopping decisions, enabling the Stop‑RAG controller to adaptively decide when to terminate retrieval.",yes,yes,stop,,,,,,,,,,,,,,System answer matches gold answer and is fully supported by retrieved context.,,,,
S,ts043,S3,single,no,Our system achieves competitive performance on the Symmetric‑FEVER counterfactual dataset and on a Danish verification dataset.,yes,yes,stop,,,,,,,,,,,,,,System answer matches gold answer and is supported by retrieved context.,,,,
S,ts049,S3,single,no,The REAL study uses the proprietary models GPT‑4o‑mini [29] and Gemini‑2.5‑Flash‑lite [10] as off‑the‑shelf baselines for evaluating fact‑checking behavior without task‑specific fine‑tuning.,yes,yes,stop,,,,,,,,,,,,,,System answer matches gold answer and is supported by retrieved context.,,,,
S,ts026,S3,single,no,"The SCoRe self‑correct RL approach is designed to teach large language models how to **correct their own responses “on‑the‑fly”**—that is, to detect and revise mistakes during the same interaction without external input [4][4].",yes,yes,stop,,,,,,,,,,,,,,System answer matches gold answer and all claims are supported by retrieved context.,,,,
S,ts071,S3,single,no,"The GPTScore framework is grounded in the notion that a large language model is more likely to generate a given text (e.g., a summary) with a higher conditional probability when that text is of high quality and satisfies the specified requirements derived from the input document [1].",yes,yes,stop,,,,,,,,,,,,,,The system answer matches the gold answer and is fully supported by the retrieved context.,,,,
S,ts075,S3,single,no,The big Transformer model achieved a BLEU score of **41.0** on the WMT 2014 English‑to‑French translation task [5].,yes,yes,stop,,,,,,,,,,,,,,Answer matches gold answer and is supported by retrieved context.,,,,
S,ts004,S3,single,yes,I cannot find sufficient information in the provided research papers to answer this question.,yes,yes,stop,,,,,,,,,,,,,,"The gold evidence is not present in the retrieved context, so the system correctly declines to answer.",,,,
S,ts041,S3,single,no,"In the encoder’s self‑attention layer, each position can attend to all positions in the previous encoder layer. This allows every token to aggregate information from the entire preceding representation [1].",yes,yes,stop,,,,,,,,,,,,,,System answer matches gold answer and is directly supported by retrieved context [1].,,,,
S,ts052,S3,single,no,"The sufficient context autorater achieves an accuracy of **93 %** on the gold‑labeled dataset of 115 (query, context, answer) instances [1][4].",yes,yes,stop,,,,,,,,,,,,,,"The system answer accurately states the 93% accuracy and dataset size, both supported by the retrieved context.",,,,
S,ts089,S3,single,no,"When “Not Enough Evidence” (NEI) is an option, the LLM tends to select it too often, failing to exhibit the ideal behavior of switching to NEI only when evidence is truly absent [1][2].",yes,yes,stop,,,,,,,,,,,,,,"The system answer correctly states that LLMs tend to select NEI too often, matching the gold answer, and adds a supported claim about failing to switch to NEI when evidence is absent, both backed by the retrieved sources.",,,,
S,ts065,S3,single,yes,I cannot find sufficient information in the provided research papers to answer this question.,yes,yes,stop,,,,,,,,,,,,,,"The gold evidence sentence is not found in the provided context, so the system correctly reports insufficient information.",,,,
S,ts069,S3,single,no,"Verdict prediction models that rely overly on surface‑level patterns typically underperform on FEVEROUS because the dataset contains complex claims that require deeper reasoning over both textual and tabular evidence, making simple pattern matching insufficient for accurate verification [1].",partial,no,stop,,,,,,,,,,,,,,Answer mentions need for deeper reasoning but omits key fact about single incorrect fact causing refutation and adds unsupported claim about textual+tabular reasoning.,,,,
S,ts046,S3,single,no,GPT‑4o‑mini offers a cost savings of **766 ×** compared to the more advanced o1‑preview model for fact‑checking tasks【2】.,yes,yes,stop,,,,,,,,,,,,,,"The system answer states the exact cost savings factor of 766× for GPT-4o-mini vs o1-preview, which matches the gold answer and is supported by the retrieved context.",,,,
S,ts080,S3,single,no,HALT assumes that the host search agent exposes its loop‑level retrieval trajectories and that the question’s expected reasoning hops can be represented as explicit claims. This requirement makes HALT compatible with structured agents such as Self‑Ask but not with free‑form trajectories lacking clear hop claims. [1],yes,yes,stop,,,,,,,,,,,,,,System answer matches gold answer's key facts and is fully supported by the retrieved context.,,,,
S,ts085,S3,single,no,"Fact Ablated Evaluation (FAE) shows that current LLM‑based verifiers often preserve their original predictions even after the supporting evidence has been removed, indicating a persistent reliance on parametric knowledge rather than on the retrieved evidence [1][3][4].",yes,yes,stop,,,,,,,,,,,,,,The answer matches the gold answer and is fully supported by the retrieved context.,,,,
S,ts014,S3,single,no,"The balanced training set used for the verifier contains **9,626 rows**【1】【4】.",yes,yes,stop,,,,,,,,,,,,,,System answer matches gold answer exactly and is supported by retrieved context [1] and [4].,,,,
S,ts094,S3,single,no,"The AVeriTeC 2023 dataset employs a two‑step annotation workflow: first, evidence is retrieved by generating and answering questions that decompose the fact‑checking process, and second, annotators perform an evidence‑sufficiency check to confirm that the retrieved evidence adequately supports the claim. This process ensures high‑quality, context‑independent annotations [6][3]",partial,no,stop,,,,,,,,,,,,,,"System answer misstates the first step and omits claim normalization and two rounds, only partially matches gold.",,,,
S,ts083,S3,single,no,"When a majority verdict disagreed with the reference verdict from the article, the claim was re‑annotated in a second round. [1]",yes,yes,stop,,,,,,,,,,,,,,The system answer matches the gold answer and is fully supported by the retrieved context.,,,,
S,ts056,S3,single,no,Subjects correctly predicted the model’s decisions 81.67 % of the time when using ProoFVer’s proofs [1][7].,yes,yes,stop,,,,,,,,,,,,,,"The system answer matches the gold evidence stating 81.67% correct prediction with ProoFVer proofs, supported by citations [1] and [7].",,,,
S,ts079,S3,single,no,"Applying temperature scaling significantly boosts performance of SINGLE models on most metrics, particularly EntCE.",yes,yes,stop,,,,,,,,,,,,,,System answer matches gold answer and is supported by the retrieved context.,,,,
S,tm015,S3,multi,no,"Future work includes (1) integrating memory banks to store verification results, enabling reuse of prior computations and improving system architecture [1]; and (2) narrowing the performance gap across claim types, particularly between supported/refuted and conflicting/not‑enough evidence claims [3].",partial,yes,stop,,,,,,,,,,,,,,System answer captures memory banks and performance gap but omits multimodal expansion.,,,,
S,tm004,S3,multi,yes,I cannot find sufficient information in the provided research papers to answer this question.,no,no,stop,,,,,,,,,,,,,,The answer abstains despite the information being present in the retrieved context.,,,,
S,tm019,S3,multi,no,"The Papelo FEVER2024 paper states that a system may submit up to ten QA pairs per example [1][7]. In the Ev2R paper, the high‑score group is defined as systems scoring 0.435 or higher [4].",yes,yes,stop,,,,,,,,,,,,,,System answer matches gold answer and each claim is supported by the retrieved context.,,,,
S,tm002,S3,multi,no,"QA‑NatVer with Flan‑T5 is trained in a few‑shot setting, requiring only 64 annotated examples, whereas Zero‑NatVer is fine‑tuned on a large FEVER training set of 145 K instances.",no,yes,stop,,,,,,,,,,,,,,System answer contradicts gold answer on Zero‑NatVer fine‑tuning vs no fine‑tuning and gives 64 vs 32 examples.,,,,
S,tm003,S3,multi,yes,I cannot find sufficient information in the provided research papers to answer this question.,no,no,stop,,,,,,,,,,,,,,"The system claims insufficient info, but context contains the required facts.",,,,
S,tm008,S3,multi,yes,I cannot find sufficient information in the provided research papers to answer this question.,yes,yes,stop,,,,,,,,,,,,,,"The corpus lacks the REAL framework metric detail, so the system's abstention is correct.",,,,
S,tm012,S3,multi,no,"Ev2R’s reference‑based scoring component, which is instantiated with GPT‑4o, reports precision and recall as separate metrics, allowing a more detailed assessment of how much retrieved evidence matches the reference (precision) and how much of the reference is covered (recall) [1].",yes,yes,stop,,,,,,,,,,,,,,System answer accurately captures Ev2R's GPT-4o reference-based scoring providing precision (accuracy) and recall (coverage) as supported by the retrieved context.,,,,
S,tm007,S3,multi,yes,I cannot find sufficient information in the provided research papers to answer this question.,no,no,stop,,,,,,,,,,,,,,"The system abstains claiming insufficient info, but the context contains the needed statements from both papers.",,,,
S,tm014,S3,multi,yes,I cannot find sufficient information in the provided research papers to answer this question.,no,no,stop,,,,,,,,,,,,,,The system incorrectly claims missing info while the context contains the required numbers and statement.,,,,
S,tm020,S3,multi,yes,I cannot find sufficient information in the provided research papers to answer this question.,no,no,stop,,,,,,,,,,,,,,The system abstained but the context contains the needed metrics.,,,,
S,tm017,S3,multi,yes,I cannot find sufficient information in the provided research papers to answer this question.,no,yes,stop,,,,,,,,,,,,,,"The system abstained from answering, while the gold answer is present in the provided papers.",,,,
S,tm013,S3,multi,yes,I cannot find sufficient information in the provided research papers to answer this question.,no,no,stop,,,,,,,,,,,,,,The answer declines despite the context containing the required percentages.,,,,
S,tm009,S3,multi,no,"The claim‑verification annotators in Aly 2024 had an approval rate of **54 %** [2].  
In AmbiFC TACL2024, the authors compute the **evidence inter‑annotator agreement** at the instance level when annotators have assigned the same veracity label [1].",yes,yes,stop,,,,,,,,,,,,,,"System answer matches gold answer: 54% approval rate from Aly 2024 and evidence inter‑annotator agreement computed at instance level when annotators share the same veracity label in AmbiFC TACL2024, both supported by retrieved context.",,,,
S,tm010,S3,multi,no,"The SCoRe self‑correct RL approach encourages the model to learn a self‑correction policy that rewards revising responses only when the second‑attempt answer improves, thereby implicitly discouraging reliance on memorized knowledge and promoting evidence‑driven changes [1][3]. The REAL framework explicitly enforces evidence dependence by dynamically ablating the model’s own predicted evidence during training, forcing the verifier to rely on retrieved evidence rather than internal parameters [4][6].",partial,yes,stop,,,,,,,,,,,,,,System answer captures some ideas but misses the specific SCoRe emphasis on leveraging on-policy samples to avoid spurious solutions and the REAL emphasis on verification decisions being sensitive to evidence changes.,,,,
S,tm016,S3,multi,yes,I cannot find sufficient information in the provided research papers to answer this question.,no,no,stop,,,,,,,,,,,,,,The answer denies availability of information that is present in the context.,,,,
S,tu019,S3,unanswerable,yes,I cannot find sufficient information in the provided research papers to answer this question.,yes,yes,stop,,,,,,,,,,,,,,The system correctly states that the required information is not present in the provided papers.,,,,
S,tu017,S3,unanswerable,yes,I cannot find sufficient information in the provided research papers to answer this question.,yes,yes,stop,,,,,,,,,,,,,,"System correctly states lack of information, matching unanswerable gold.",,,,
S,tu008,S3,unanswerable,yes,I cannot find sufficient information in the provided research papers to answer this question.,yes,yes,stop,,,,,,,,,,,,,,"The system correctly states that the corpus lacks the needed information, matching the UNANSWERABLE gold answer.",,,,
S,tu009,S3,unanswerable,yes,I cannot find sufficient information in the provided research papers to answer this question.,yes,yes,stop,,,,,,,,,,,,,,System correctly states the information is not present in the provided context.,,,,
S,tu010,S3,unanswerable,yes,I cannot find sufficient information in the provided research papers to answer this question.,yes,yes,stop,,,,,,,,,,,,,,"System correctly states lack of info, matching unanswerable gold.",,,,
S,tu006,S3,unanswerable,yes,I cannot find sufficient information in the provided research papers to answer this question.,yes,yes,stop,,,,,,,,,,,,,,The system correctly states the information is not present in the provided context.,,,,
S,tu013,S3,unanswerable,yes,I cannot find sufficient information in the provided research papers to answer this question.,yes,yes,stop,,,,,,,,,,,,,,The system correctly states that the information is not present in the provided context.,,,,
S,tu012,S3,unanswerable,yes,I cannot find sufficient information in the provided research papers to answer this question.,yes,yes,stop,,,,,,,,,,,,,,The system correctly states the information is not available in the provided context.,,,,
S,tu001,S3,unanswerable,yes,I cannot find sufficient information in the provided research papers to answer this question.,yes,yes,stop,,,,,,,,,,,,,,The system correctly states the information is not present in the provided context.,,,,
S,tu003,S3,unanswerable,yes,I cannot find sufficient information in the provided research papers to answer this question.,yes,yes,stop,,,,,,,,,,,,,,The system correctly states the information is not available in the provided context.,,,,
S,tu015,S3,unanswerable,yes,I cannot find sufficient information in the provided research papers to answer this question.,yes,yes,stop,,,,,,,,,,,,,,System correctly states that the information is not present in the provided papers.,,,,
S,tu004,S3,unanswerable,yes,I cannot find sufficient information in the provided research papers to answer this question.,yes,yes,stop,,,,,,,,,,,,,,The system correctly states the information is not available in the provided context.,,,,
S,tu018,S3,unanswerable,yes,I cannot find sufficient information in the provided research papers to answer this question.,yes,yes,stop,,,,,,,,,,,,,,The system correctly states the information is not available in the provided corpus.,,,,
S,tu011,S3,unanswerable,yes,I cannot find sufficient information in the provided research papers to answer this question.,yes,yes,stop,,,,,,,,,,,,,,System correctly states lack of information in provided corpus.,,,,
S,tu002,S3,unanswerable,yes,I cannot find sufficient information in the provided research papers to answer this question.,yes,yes,stop,,,,,,,,,,,,,,"System correctly states the information is not in the provided context, matching the unanswerable gold answer.",,,,
S,tu007,S3,unanswerable,yes,I cannot find sufficient information in the provided research papers to answer this question.,yes,yes,stop,,,,,,,,,,,,,,System correctly states the information is not available in the provided corpus.,,,,
S,tu005,S3,unanswerable,yes,I cannot find sufficient information in the provided research papers to answer this question.,yes,yes,stop,,,,,,,,,,,,,,The system correctly abstains as the corpus does not contain the answer.,,,,
S,tu020,S3,unanswerable,yes,I cannot find sufficient information in the provided research papers to answer this question.,yes,yes,stop,,,,,,,,,,,,,,The system correctly states that the answer is not present in the provided context.,,,,
S,tu014,S3,unanswerable,yes,I cannot find sufficient information in the provided research papers to answer this question.,yes,yes,stop,,,,,,,,,,,,,,The system correctly states the information is not available in the provided context.,,,,
S,tu016,S3,unanswerable,yes,I cannot find sufficient information in the provided research papers to answer this question.,yes,yes,stop,,,,,,,,,,,,,,The system correctly states that the answer is not present in the provided context.,,,,
